movie_id,spoken_language_id
8844,en
8844,fr
31357,en
949,en
949,es
9091,en
710,en
710,ru
710,es
9087,en
10858,en
1408,en
1408,la
524,en
4584,en
5,en
9273,en
11517,en
8012,en
9691,en
9691,es
9691,nl
451,en
9263,en
902,cn
902,fr
63,en
63,fr
9598,en
9312,en
577,en
11861,en
807,en
10530,en
629,es
629,en
629,fr
629,hu
10634,en
755,en
755,es
11859,en
11859,es
36929,en
9102,en
400,en
9095,en
12158,en
9208,en
13685,es
13685,en
9614,en
688,en
197,en
197,fr
197,la
103,en
103,es
33542,cn
33542,en
78406,en
11066,fr
11066,en
2074,en
11863,en
11000,en
11000,fr
9737,en
568,en
11780,en
414,en
5894,en
1775,en
8839,en
20649,en
10329,en
10329,fr
8963,en
8068,en
8512,en
1572,en
1572,de
1572,ro
6520,en
6520,fr
10428,en
10428,it
10428,ja
10428,ru
9886,en
9886,ja
9482,en
9071,en
2293,en
9070,en
48787,ru
48787,en
1642,en
1642,es
36196,en
11980,en
10533,en
10802,en
10149,en
9348,en
281,en
3512,en
9560,en
9804,en
9804,de
9804,es
50797,ru
76,en
76,de
76,fr
11017,fr
11017,es
11017,en
9382,en
2292,en
1909,en
8984,en
8467,en
522,en
27303,en
14275,en
1024,en
628,en
628,fr
87729,en
6280,en
11,en
18183,en
18183,es
4476,en
28313,en
3036,en
17402,en
1945,en
241,en
241,ja
6950,en
6950,ko
6950,fr
101,en
63020,en
680,en
680,es
680,fr
12106,en
3586,fr
3586,it
3586,ru
3586,es
3586,en
22586,en
2636,en
2164,en
2164,no
2164,sv
11395,en
278,en
9067,en
193,en
25066,en
1587,en
9271,en
2064,en
236,en
3049,en
10497,fr
10497,en
9331,en
10731,en
9495,en
888,en
13,en
712,en
10879,en
10879,fr
8587,en
1689,en
11596,en
854,sv
854,en
36593,en
2788,en
10427,en
1637,en
8831,en
36955,en
36955,fr
36955,ar
36955,de
12160,en
26352,en
22067,en
11667,en
11667,ja
8011,en
2654,en
10436,en
10436,it
4722,en
1607,en
1607,it
117553,en
6075,en
6075,es
9350,en
2124,cs
2124,en
9571,en
9739,en
9024,en
37233,en
1634,en
5503,en
35588,en
35588,fr
2019,en
9255,en
9386,en
7984,en
329,en
329,es
10909,en
9593,en
10440,en
9516,en
2320,en
788,en
11231,en
10447,en
9800,en
8291,en
8291,fr
10872,en
1245,en
11858,en
11858,es
5550,en
5550,ja
8005,en
2088,en
47889,en
14534,en
14534,es
424,de
424,pl
424,he
424,en
11592,en
8850,en
858,en
867,en
78,en
78,de
78,cn
78,ja
78,hu
10442,ru
10442,en
9607,en
17585,en
9057,en
9479,en
10057,en
11969,en
11969,la
11969,es
319,en
319,it
15139,da
15139,en
15139,fr
15139,de
15139,es
771,en
251,en
812,en
280,en
280,es
581,en
268,en
268,fr
274,en
408,en
10020,fr
10020,en
10895,en
114,en
114,it
114,ja
576,en
576,de
576,es
275,en
8766,en
10112,en
1592,en
1592,es
61752,en
10684,en
954,en
954,fr
954,cs
8840,en
10539,en
47502,en
2300,en
8069,en
40001,en
9103,en
12233,en
36355,en
9100,en
40507,es
40507,en
9802,en
664,en
10547,en
935,en
9826,en
9879,en
7095,en
627,en
602,en
9566,en
9894,en
11543,en
9268,en
9327,en
11228,en
10779,en
26748,en
26748,es
9294,en
11363,en
11363,fr
1645,en
18550,en
11962,en
2925,en
3595,en
12123,en
10830,en
3573,en
10546,en
10546,de
47907,en
10061,en
549,en
549,es
10478,en
66634,en
238,en
238,it
238,la
11134,cn
11134,en
11134,ms
11134,th
9303,en
11015,en
9306,en
10723,en
10987,en
872,en
2769,en
2769,fr
2769,de
164,en
164,pt
426,en
567,en
3078,en
213,en
284,en
239,en
4808,en
4808,fr
4808,de
4808,it
289,de
289,fr
289,it
289,en
963,en
11113,en
6620,en
6620,it
804,en
804,it
630,en
770,en
599,en
15,en
62,en
62,ru
705,en
705,fr
22490,en
22490,fr
223,en
223,fr
303,en
4174,en
381,fr
381,en
1859,en
10907,en
1939,en
3080,en
3080,it
1712,en
1712,es
220,en
3529,en
2897,en
2897,es
2897,fr
1585,en
3083,en
10331,en
488,en
488,de
488,sw
261,en
22649,en
10861,en
1770,en
9333,en
9400,en
11306,en
173,en
864,en
864,fr
864,de
864,ru
11224,en
9078,en
8367,en
433,en
11360,en
12335,en
12092,en
10948,en
15121,en
15121,fr
15121,it
562,en
562,de
562,it
10163,en
41843,en
41843,de
11412,en
10586,en
49471,en
25147,la
25147,en
454,en
10218,en
819,en
252,en
252,fr
252,de
11561,en
623,en
623,it
623,ru
583,en
11575,en
11575,it
475,en
521,en
88,en
500,en
792,en
792,vi
8491,en
402,en
10537,en
11386,en
9504,en
601,en
2119,en
744,en
702,en
21612,it
21612,en
1630,en
10379,en
2756,en
790,en
1103,en
11298,en
762,fr
762,la
762,en
49763,en
892,fr
409,de
409,it
409,ar
409,en
10161,en
10409,es
10409,en
31225,en
510,en
1891,en
2493,en
85,en
85,es
85,de
85,he
85,ar
679,en
429,it
389,en
185,en
28,en
28,fr
28,vi
335,en
1892,en
144,en
144,fr
144,de
769,it
769,en
348,en
348,es
11645,ja
539,en
525,en
240,en
240,it
240,la
240,es
600,en
600,vi
279,en
279,de
279,it
279,la
703,en
703,de
9549,en
9549,ru
387,de
387,en
387,fr
9277,en
218,en
763,en
9665,en
379,it
379,en
207,en
37247,en
1480,en
1480,es
826,ja
826,th
826,en
829,es
829,cn
829,en
3090,en
694,en
235,en
765,en
5925,en
5925,de
5925,fr
5925,ru
11778,en
11778,fr
11778,ru
11778,vi
137,en
137,fr
137,it
33,en
982,en
105,en
1633,en
11202,en
149,ja
8009,en
903,en
3034,en
3034,de
339,en
339,fi
339,fr
339,de
339,it
914,en
914,eo
756,en
288,en
665,en
11031,en
89,de
89,el
89,en
783,en
783,hi
10644,en
12104,en
625,pt
625,en
625,fr
625,hu
830,en
642,en
642,es
655,en
639,en
8077,en
814,en
571,en
6114,la
6114,ro
6114,bg
6114,el
6114,en
9529,en
1598,en
7340,en
377,en
794,en
794,it
794,la
199,en
12498,en
9279,en
21539,en
21539,es
11674,en
1573,en
1573,es
152,en
174,en
172,en
154,en
157,en
157,ru
168,en
168,fi
364,en
11967,en
621,en
9037,en
10173,en
8845,en
578,en
579,en
17692,en
75,en
75,fr
13891,en
9390,en
9390,pl
378,en
9819,en
9819,es
4232,en
9361,en
9361,fr
8818,en
8818,es
34314,en
8860,en
9619,en
26306,en
66,en
66,es
11419,en
25624,en
9366,ja
9366,en
9366,it
9403,en
10003,en
10003,ru
1624,en
16052,es
16052,en
4477,en
24662,en
24662,de
6499,en
50512,en
9360,en
816,en
2163,en
18,en
18,sv
18,de
64802,en
64802,ru
330,en
1701,en
1639,en
1639,pt
415,en
11970,en
11970,es
11970,el
8874,en
8874,fr
8874,it
266,en
266,fr
266,de
266,it
754,en
754,la
607,en
607,es
17834,en
686,en
4421,en
9387,en
2142,en
8413,en
8413,la
10336,en
20737,en
9413,en
9413,fr
8834,en
8854,en
4961,en
4961,it
9772,en
9772,ru
6072,en
6072,es
1669,en
1669,ru
2118,en
978,en
9437,en
9437,zh
10351,en
2649,cn
2649,de
2649,en
14289,en
10155,en
68924,en
2255,en
9427,en
3597,en
1813,en
1813,fr
1813,de
1813,it
1813,zh
1813,es
12628,en
12628,fr
12628,ru
782,en
782,eo
10871,en
10890,en
10890,ru
10890,pl
1281,en
9770,en
12616,en
11975,en
4995,en
9281,de
9281,en
563,en
19931,cn
19931,en
19931,fr
19931,zh
10215,en
9823,en
37165,en
4824,en
4824,ru
9444,en
9444,ru
9444,fr
9414,en
8078,en
11831,en
11831,es
2639,en
9574,en
489,en
9714,pl
9714,en
6283,en
4233,en
10217,en
10217,es
597,en
597,fr
597,de
597,sv
597,it
597,ru
714,de
714,en
714,da
714,zh
714,cn
9922,en
9922,fr
184,en
115,en
115,he
115,es
115,de
9410,en
586,sq
586,en
2666,en
11258,en
9490,en
9490,tr
25719,en
6116,en
9457,ko
9457,en
11702,cn
11702,cs
11702,en
12238,en
11003,en
10153,en
2898,en
9558,en
9558,es
11808,en
42807,en
617,en
32456,en
17127,en
40688,en
2157,en
29193,en
795,en
795,pl
9469,en
16148,en
10622,zh
10622,cn
10622,en
10216,en
9448,en
8656,en
58680,en
18937,en
929,en
929,fr
929,ja
929,ru
929,es
9452,en
1878,en
9844,en
1965,ar
1965,en
6068,en
6068,de
6068,th
15037,en
21334,fa
10674,en
10674,zh
846,en
3050,en
1389,en
9464,en
95,en
95,ru
944,en
944,cn
944,zh
11551,en
11551,fr
11551,hu
11551,es
473,en
544,en
65203,en
33680,en
56164,en
12311,en
12311,hu
34106,en
34106,ru
43266,en
43266,cy
27367,en
27367,de
28580,en
887,en
11426,en
654,en
15919,en
1725,en
5769,en
874,en
874,fr
874,la
874,es
10633,en
17917,en
3116,en
3116,it
1051,en
1051,fr
1366,en
12102,en
9443,en
9443,fr
606,en
606,sw
746,cs
746,en
746,ja
746,zh
746,ru
380,it
380,en
403,en
403,hu
403,pl
13820,en
13597,en
2108,en
10014,en
10072,en
10131,en
10160,en
11284,en
4488,en
9725,en
9728,en
9730,en
9730,es
9731,en
10225,en
10281,en
10283,en
948,en
11281,en
10676,en
11357,en
11361,en
36599,en
10585,en
11186,en
11186,tr
11187,cs
11187,en
609,en
11133,en
10306,en
9552,de
9552,fr
9552,la
9552,ar
9552,el
9552,en
11586,en
11586,fr
11586,es
941,en
942,en
942,af
943,en
927,en
927,es
928,en
9340,en
9340,it
9340,es
9340,cn
9342,en
19,xx
165,en
196,en
551,en
3170,en
346,ja
859,en
841,en
841,it
242,en
242,it
242,de
242,la
1411,en
9769,en
9424,en
9835,it
9835,en
857,cs
857,de
857,en
857,fr
10957,en
9570,en
9994,en
10439,en
11158,en
9354,en
9631,en
907,en
907,ru
11974,en
793,en
9325,en
10144,en
10144,fr
10414,en
12230,en
10693,en
11319,en
13155,en
10249,en
10882,en
24808,en
2619,en
2619,it
97,en
11675,en
19158,en
227,en
87,en
123,en
11336,en
11336,ru
9980,en
10489,en
10489,hu
10823,en
10823,pt
10823,es
11497,en
2907,en
9454,en
8688,cs
8688,en
23954,en
23954,fr
396,en
396,la
16081,en
16081,ru
11837,en
11704,en
11639,en
11639,it
4978,en
11976,en
11976,it
15144,en
8393,af
8393,en
9320,en
33644,en
805,en
34584,en
34636,en
34636,de
77469,en
36647,ru
36647,en
4011,en
5854,en
573,en
2370,en
2370,fr
2370,ru
2370,es
5780,en
5780,de
5780,no
5780,sv
506,en
506,es
22527,en
22527,it
22527,es
574,ar
574,en
574,fr
574,it
11219,en
845,fr
845,en
3682,en
847,en
117,en
11462,en
10220,ru
10220,en
10220,he
431,de
431,en
22796,en
22256,en
12626,en
3525,de
3525,en
2321,en
48311,en
11933,en
4478,en
2109,en
24746,en
8195,en
8195,fr
8195,ru
9877,en
9877,it
24016,ar
24016,en
24016,fr
1091,en
1091,no
10403,en
162,en
8916,en
9429,en
12159,en
27791,en
10156,fr
10156,la
10156,en
10377,en
4437,en
4437,ru
1955,en
11932,en
6435,en
10683,en
10683,ru
9425,en
637,en
637,de
637,it
20701,en
73,en
9882,es
9882,en
9882,ar
10663,en
4518,fr
4518,en
3600,en
297,en
11893,en
14924,en
9798,en
9487,en
666,pt
692,en
39256,en
39256,ja
39256,ru
244,en
10730,en
31947,en
8130,en
9749,en
14628,en
9626,en
10466,en
707,en
9336,en
9447,en
12257,en
10029,en
11252,en
200,en
9837,he
9837,en
11545,fr
11545,en
11545,la
11545,es
1934,en
13764,en
1369,en
1369,vi
1368,en
1370,en
1370,ru
10303,ar
10303,en
9326,fr
9326,en
9326,es
11285,en
1367,en
1371,en
1374,en
1375,en
15196,fr
15196,en
1885,en
8856,en
5825,en
9489,en
8741,en
8741,ru
9276,en
10312,en
9422,en
825,en
9423,en
9423,ru
10658,en
10658,pt
11815,en
11815,fr
9426,en
2620,en
30497,en
16337,en
16780,en
192,en
192,la
10013,en
9671,en
11873,en
11873,es
10015,es
10015,en
10314,en
11167,en
2112,en
16172,fr
16172,en
11622,la
11622,en
11622,fr
11622,de
10207,en
9849,en
9849,it
18892,en
1542,en
15256,en
8224,en
8913,en
10906,en
25748,en
10671,it
10671,en
27932,en
27932,hu
7227,en
7227,hu
5919,en
10803,en
871,en
1685,en
1705,en
1688,en
1687,en
11123,en
29723,en
29723,fr
29723,es
9535,en
9455,cn
9455,en
9455,zh
796,vi
796,en
796,fr
100,en
30943,en
7341,en
9540,en
22345,en
22345,es
1641,en
47288,en
16520,en
16520,it
16520,th
16379,en
603,en
4951,en
4951,fr
8970,en
9430,en
11355,en
18764,cn
18764,zh
18764,ru
9465,en
6522,en
39964,en
1946,en
1844,en
6552,en
3309,en
3309,es
18462,en
8592,en
564,en
564,ar
13852,en
1893,en
1924,en
8536,en
9531,en
9531,it
9531,es
9531,th
11411,en
11411,fr
11411,it
11411,ru
11411,th
138,en
138,de
138,hu
3035,en
36685,en
30168,en
8974,cs
8974,en
8974,es
509,en
509,es
1090,en
62676,en
817,de
817,en
37135,en
2275,en
24137,en
104,de
104,en
104,ja
9032,en
9032,it
6488,en
6488,es
8487,en
2105,en
10208,en
2667,en
345,en
9825,en
16158,en
620,en
2978,en
10490,en
11618,en
1812,en
8914,en
9824,en
4806,en
967,en
802,en
3175,de
3175,fr
3175,en
21185,en
10136,cs
10136,en
10136,it
873,en
10776,en
16406,en
16406,fr
10386,en
745,la
745,es
745,en
913,en
17707,en
17707,th
9781,en
48781,en
29056,en
28501,en
10766,en
813,en
9406,en
9406,fr
11153,en
2280,en
9944,en
10342,en
10342,pl
10366,en
1911,en
1911,no
2900,en
2162,en
14578,en
10307,en
10307,it
10307,pt
11601,en
26522,en
26522,de
14,en
24128,en
11001,en
9453,en
9453,it
704,en
24153,en
11797,en
10669,en
11527,en
28032,en
11326,en
10398,en
60994,en
14429,en
15198,en
6415,en
6415,ar
24066,en
10349,en
29787,en
9638,en
10576,en
12618,en
226,en
10388,en
10388,fr
9346,de
9346,en
861,en
9377,en
11541,en
11901,en
4929,en
18254,de
18254,fi
18254,fr
18254,ru
18254,en
19997,en
17352,en
17352,fr
535,en
535,pt
1654,la
1654,en
1654,de
1654,fr
1654,es
658,zh
658,en
658,es
657,en
657,ru
657,tr
657,ro
646,en
646,fr
5689,en
391,it
391,es
8052,en
772,en
772,fr
31650,en
302579,en
550,en
36819,en
11562,en
5548,en
5549,en
856,en
699,el
699,en
699,it
709,en
709,es
253,en
253,hu
660,en
660,fr
11377,en
26149,en
26149,es
492,en
492,fr
128,ja
2020,en
9481,en
9008,ar
9008,en
9008,ja
9008,fa
16281,en
16281,it
16288,en
1694,en
1694,de
37094,en
37094,es
37094,ko
21610,en
21610,fr
957,en
11886,en
11040,en
1621,en
1621,pt
47941,en
21349,en
1832,en
10228,ja
9289,en
9289,fr
9289,de
11165,en
11165,ja
24226,en
2668,en
36643,en
36643,ru
99,es
5156,it
24276,en
24276,it
11393,en
10998,en
36094,en
9013,cs
9013,en
2924,en
177,en
38557,en
9946,en
9946,it
9946,la
863,en
22267,en
55123,en
9586,en
32669,en
10402,en
497,fr
497,en
1715,en
25188,en
2277,en
10137,en
334,en
334,fr
334,de
9563,en
1850,en
926,en
1213,en
1213,it
10471,en
10400,en
10384,en
48233,hi
5924,en
5924,es
10493,en
10493,it
13342,en
35119,en
14919,cs
14919,en
75531,en
2005,en
11087,hu
11087,ru
7305,en
7305,pt
9475,en
9475,hu
8872,cn
8872,en
11287,en
9869,en
619,en
9374,en
11259,en
1923,en
10206,en
9367,es
12143,en
12143,es
4234,en
9605,en
9605,es
8374,en
8374,es
29076,en
1907,en
1907,fr
1907,hr
1907,sv
1907,th
14181,en
14181,ru
10385,ru
2787,en
2069,en
2069,fr
2069,es
901,en
10098,xx
2155,en
47816,en
25166,en
1831,fr
1831,en
28172,en
2067,en
622,en
622,fr
622,la
622,pl
622,pt
622,es
20283,en
5693,en
287,en
287,it
968,en
838,en
820,en
820,es
918,en
61178,en
16535,en
16535,fr
16535,es
16535,eu
462,en
462,fr
9532,en
9532,fr
1541,en
8469,en
925,en
13939,fr
13939,en
13939,it
13939,de
14373,en
24873,en
34746,en
996,en
1496,en
1498,fr
1498,en
1497,en
1499,en
33762,en
11690,en
801,en
1879,en
2085,en
2085,zh
16222,en
37722,en
3082,en
24748,en
990,en
840,hi
840,en
840,fr
840,es
2291,en
16620,en
526,en
13346,en
243,da
243,en
10501,en
11478,en
6644,en
6644,es
879,en
11327,en
11327,mt
11327,fr
1700,en
34322,en
34322,de
10774,en
10774,de
10083,ru
10083,en
10747,en
10747,es
38809,en
10559,en
20697,en
2621,en
2621,it
10479,ar
10479,en
13665,en
12309,en
12309,ja
106,en
106,es
10333,en
1359,en
1359,es
1359,cn
4967,he
4967,en
4967,es
10557,en
10557,ru
10557,ur
10518,en
10518,fr
10518,de
10518,es
11977,en
18041,en
18041,it
14736,en
14736,es
3536,en
3536,fr
3536,de
3536,ru
1443,en
10424,en
889,en
10564,en
39283,en
98,en
11129,en
38925,en
5491,en
5491,fr
10560,en
10688,en
5683,en
10567,en
9285,en
955,en
8584,en
8584,zh
8584,es
962,en
668,en
668,de
691,en
691,it
691,ar
698,en
698,it
682,th
682,cn
682,en
9600,en
2768,en
2768,fr
2768,de
2768,sv
10911,en
10911,de
10911,el
23939,en
11072,en
11072,de
985,en
938,it
1551,en
1551,fr
1551,es
10246,en
19698,en
23919,en
169,en
865,en
9663,en
10128,en
9659,en
8810,en
9355,en
635,en
635,fr
10068,en
11495,en
11495,it
10117,en
10117,fr
9679,en
51333,en
482,en
592,en
12611,en
9040,en
9040,it
9040,es
25364,la
25364,es
25364,en
5121,en
6978,cn
6978,en
10571,en
479,en
479,es
479,de
7450,en
7450,zh
31023,ca
31023,la
31023,es
7443,en
2123,en
2123,de
2024,en
17711,ru
2133,en
15379,en
15379,vi
12764,en
12764,vi
16094,en
494,en
493,en
4244,en
4247,en
20770,en
32275,en
36657,en
36047,en
36047,fr
2655,en
12599,ja
12599,en
11940,en
10276,en
12107,en
6282,en
9383,en
5551,en
33408,en
11589,en
11589,fr
11589,de
15158,en
26515,en
39473,en
8843,en
10643,ja
37136,en
37137,en
3110,en
9651,en
11398,en
1588,en
12211,en
12211,fr
786,en
12212,en
16,en
10637,en
9003,en
9064,en
11569,en
2160,en
2160,fr
2161,en
10461,en
1597,en
16888,en
18498,en
71,en
1636,en
1636,ru
1636,es
10647,en
24100,en
24100,de
4327,en
4327,de
4327,fi
4327,ja
4327,cn
4958,en
11978,en
8870,en
681,en
681,de
8452,en
10862,en
8871,en
16340,en
10481,en
10876,en
9741,en
146,zh
11849,en
11849,pl
11678,en
11678,ur
2669,en
708,en
708,ar
708,fr
708,de
708,ru
708,cs
708,sk
1857,en
1857,ja
10673,en
2604,en
2604,es
10132,en
11064,en
107,en
107,ru
40820,en
392,en
392,fr
8859,en
8859,fr
8859,ja
11688,en
12509,en
3981,en
3981,fr
711,en
2046,en
8358,ru
8358,en
25520,en
25520,fr
1493,en
1493,es
1493,fr
1493,ru
134,en
10577,en
11973,en
11973,ru
1900,es
1900,en
10873,en
10873,de
15739,en
15413,en
11209,cs
11209,en
11209,es
13715,en
9989,en
9816,en
20637,en
16723,en
2018,en
10937,en
90,en
12919,en
15785,en
10110,en
10110,ja
10110,zh
764,en
580,en
13703,en
13703,de
13703,es
1547,en
10019,en
11649,en
13509,en
13509,de
13509,pt
24940,en
9740,en
10878,en
10878,pl
10878,pt
10878,es
19405,en
1921,en
23685,en
12138,en
6073,en
6073,es
82103,pt
2749,cs
2749,en
2749,el
2749,ru
22013,en
14460,en
9594,en
2453,en
33676,en
33676,es
4587,en
11454,en
4192,de
4192,en
4192,fr
4192,ar
4985,en
23730,en
853,de
853,en
853,ru
10877,it
77,en
10054,es
10054,en
10646,en
2575,en
2575,es
55,es
2043,en
2043,ru
4133,en
10991,en
634,en
10956,en
9290,en
111,en
111,es
10477,en
10477,de
10477,es
24113,en
1734,en
1734,ar
8095,en
8095,pt
849,en
11307,en
78133,en
25221,en
9062,en
9062,es
9476,en
5852,en
808,en
824,fr
824,es
824,en
676,fr
676,en
676,ja
22414,en
1406,en
1406,de
1632,en
966,en
966,es
11896,en
5923,en
5923,zh
11090,en
9397,en
9705,de
9705,en
1089,en
17494,en
17494,es
29393,en
9576,en
10865,en
10865,fr
10865,es
1995,en
10808,en
9799,en
644,en
16161,en
10691,es
10691,en
10992,en
10992,fr
10992,de
10992,th
2140,en
2140,fr
2140,zh
4248,en
11286,ja
11286,zh
11286,ar
11286,en
15875,en
15875,fr
23439,en
11697,en
11536,en
10339,en
13938,en
10540,en
9462,en
9462,it
9462,zh
2114,en
8835,en
11371,en
11371,fr
15745,en
9395,en
9395,es
14506,en
59797,en
19382,en
9599,en
94440,en
7520,en
7520,pt
10126,en
10126,es
9602,en
3980,en
10127,en
26386,en
10675,en
10675,fr
2617,en
30690,en
12144,en
13704,en
12120,en
38617,en
51321,en
9604,en
9604,ru
24929,en
10925,en
24266,en
11503,en
38560,en
38560,es
8337,en
9493,en
11352,en
45225,en
1648,en
1648,fr
1648,de
1648,el
4105,en
4105,ja
10142,en
10134,en
2210,en
20713,en
9085,en
9085,ru
505,en
505,fr
10345,en
10222,en
14372,en
15138,en
9972,en
9494,en
9942,en
24739,en
27418,en
39002,en
12663,en
331,en
331,es
327,en
327,it
327,ja
327,es
869,en
36095,ja
2171,en
10135,en
10135,pt
12150,en
11185,en
12521,en
9618,en
31608,en
31608,fr
2616,en
7091,en
183,en
183,it
2148,en
2148,it
2057,en
2057,de
2057,ja
2057,la
2057,es
9880,en
5175,cn
5175,en
5175,zh
20391,en
20391,es
11542,en
11542,es
2770,en
12610,en
13496,en
10972,en
9896,en
2294,en
10016,en
26602,en
8922,en
34223,en
11370,en
11370,hu
12508,en
18734,en
2176,es
2176,en
20857,en
2185,en
10696,en
2034,en
2034,ru
2034,es
2034,ko
31016,en
11576,en
15393,en
248,en
248,es
13766,en
12103,en
12103,fr
12103,it
12103,es
11313,en
9398,en
10866,en
34549,en
9778,en
16121,en
16121,fr
16121,de
16121,it
16769,en
3172,en
17708,en
17708,es
17708,th
17708,vi
1018,es
1018,en
11380,en
11380,fr
984,es
984,en
14811,en
14811,he
14811,ru
768,en
768,hu
768,ru
2100,en
11091,en
167,en
141,en
11456,en
585,en
10796,en
23949,en
9889,en
13408,en
671,en
14369,en
1535,cn
1535,en
1535,de
1535,ar
1535,fr
1433,es
16085,en
10656,fr
72277,en
72277,it
11033,en
3604,en
10649,en
17689,en
14854,en
14854,es
10650,en
8007,cs
8007,en
8007,es
161,it
161,en
194,fr
194,ru
11397,en
1903,en
9428,en
9428,it
27150,en
27150,es
26978,en
8386,en
12589,en
120,en
11086,en
453,en
37257,de
37257,en
8489,en
855,en
855,so
5279,en
10950,en
1365,en
24206,en
11595,cn
11595,en
848,en
848,hu
9610,en
15035,en
33155,en
150,en
15050,en
10423,cn
10423,en
651,en
651,fr
651,ja
651,ko
11362,en
2637,en
10229,en
50819,en
9606,ru
9606,en
9606,ja
9606,fr
9606,de
9606,it
9606,es
31674,en
20009,en
47871,en
11870,en
11870,fr
11870,it
9884,en
9884,es
11212,en
11212,fr
11212,de
17130,en
10592,en
10592,de
8470,en
8470,es
16690,en
9272,en
14475,en
10052,en
10052,es
11979,en
23479,en
23479,es
10590,en
10590,vi
10590,fr
46717,en
35614,en
17058,en
13950,en
13950,fr
2135,en
15186,en
10935,en
10935,fr
10935,de
10935,pl
10935,ru
14729,en
14729,sv
425,en
1576,en
5851,en
15647,en
1391,es
13006,en
10627,en
36586,cs
36586,ro
36586,en
15028,cs
15028,en
14635,en
1791,fr
1791,de
11560,en
11560,es
11452,en
548,ja
1537,en
12149,en
11812,en
35080,en
441,en
8346,el
8346,en
31671,en
11892,en
9334,en
9334,th
11470,en
11468,en
19085,en
28117,en
46691,en
48482,en
557,en
32221,en
12227,en
2251,en
2251,fr
245,en
1894,en
15417,en
1957,en
320,en
9023,en
4614,ar
4614,en
4614,ru
4614,uk
4614,de
12277,en
13153,en
3132,en
2501,en
2501,fr
2501,de
2501,nl
2501,it
9637,en
12100,en
12100,ja
27945,en
30194,en
13909,en
11544,en
180,en
180,sv
2022,en
608,en
59387,en
6278,en
4147,en
49370,en
1842,en
11442,en
8665,en
10996,en
818,en
818,ja
818,de
818,fr
39141,en
39141,fr
8764,en
8764,de
2675,en
2675,pt
9488,en
9962,en
9573,en
9573,es
7451,cs
7451,en
7451,de
7451,es
7451,ru
11692,en
9266,en
8653,ko
30072,en
9357,en
12771,es
12771,en
15070,en
10323,en
9595,en
9941,en
9941,es
39833,en
10725,en
9544,en
9544,ru
13536,en
20616,en
10611,en
4108,en
4108,fr
4108,zh
9685,en
14361,en
12262,en
9093,en
9039,en
11013,en
129,ja
11529,en
9533,en
53049,en
7501,cs
7501,en
13768,en
13768,fr
1430,en
12779,it
12779,el
12779,en
15992,it
15992,en
1613,en
565,en
14112,en
21925,en
10285,en
11009,en
11009,it
10805,en
10805,es
47942,en
15668,en
19429,en
19429,de
21294,en
11644,en
24274,en
11646,en
42149,en
73247,en
38665,en
19507,en
17450,en
41280,en
9645,en
9645,it
9645,es
9012,en
1360,en
1360,fr
1360,ru
12208,ja
12208,en
12208,fr
12208,de
8427,en
8427,hu
8427,ru
9021,en
13526,en
9280,en
9280,fr
9280,es
65,en
10712,en
672,en
13888,en
43089,en
9538,en
9538,de
47890,en
109264,en
36669,en
36669,ko
36669,cn
36669,de
36669,es
36669,is
36669,it
10426,en
10426,fr
10426,pt
15074,en
2103,en
9016,en
13945,en
14433,en
14433,zu
9932,en
13369,en
13369,de
13369,es
2757,en
2757,la
7299,en
17360,en
17360,fr
17360,de
40952,en
40952,es
16363,en
67772,en
13497,en
201,en
2755,en
121,en
1429,en
13435,en
13435,ja
13435,ru
13435,es
3131,en
3131,ga
3131,la
3131,zh
2642,en
2149,en
25848,en
81048,en
11706,en
11706,it
11706,ru
640,en
640,fr
1574,hu
1574,en
590,en
423,en
423,de
423,ru
4912,en
12090,en
12090,it
12090,de
12090,fr
9582,en
598,pt
8073,en
8073,fr
12253,en
9358,en
10894,en
10724,ru
10724,en
9919,en
6038,en
6038,zh
9480,en
9480,it
9480,el
14873,en
12139,en
18587,en
18587,pt
17264,ar
17264,en
17264,it
33364,en
33851,en
33851,hu
4911,en
16072,en
11615,en
11615,es
11635,en
10623,en
10623,ko
10623,ru
10678,en
10678,fr
9567,en
455,en
455,pa
10632,en
36362,en
2671,ja
42618,en
9557,en
9557,es
9557,sv
6171,en
29912,en
28881,en
10782,en
9341,en
8409,en
8409,es
1817,en
1817,sw
21052,en
9506,en
24982,en
2662,en
13370,en
994,en
10514,en
16651,en
24961,en
31633,en
47762,fr
47762,en
2832,en
18736,it
18736,en
36658,en
36658,de
36658,it
46989,en
10708,en
604,en
10720,en
1555,it
1555,fr
1555,es
1555,en
1555,ca
1555,da
1555,de
310,en
12,en
9654,uk
9654,en
9654,it
9902,en
584,en
584,es
11890,en
11890,it
290,en
10152,en
31246,en
17813,en
17813,fr
170,es
170,en
9471,en
9471,zh
9471,es
47676,en
43039,en
43039,el
43039,ru
33454,en
1927,en
1927,es
10327,en
296,en
302,en
302,fr
22,en
8698,en
8698,de
8698,it
8961,en
8961,es
9486,ja
9486,en
9486,fr
1996,en
1996,zh
4464,en
12279,en
54580,es
54580,de
430,en
430,de
430,ru
5185,de
5185,fr
5185,ru
5185,en
8273,en
8046,en
10330,zh
10330,en
9257,en
9257,es
9257,fr
6466,en
2055,en
14926,en
10923,en
18573,en
41759,en
41759,de
19053,en
11206,en
13154,ja
13154,en
636,en
26198,en
35073,en
35073,fr
9362,en
12268,en
12268,fr
10999,en
32316,en
11351,en
9616,en
1415,en
11547,en
7270,en
1428,en
1428,es
153,ja
153,en
9584,en
8408,en
2687,en
16323,en
19064,en
277,en
10159,pt
10159,en
10934,en
10934,fr
10934,de
10934,it
10934,pl
10934,es
321,en
321,fr
321,it
837,en
19666,en
19666,hi
19666,ur
821,en
37672,en
891,es
891,en
10881,pl
10438,en
650,en
10337,en
37753,en
37753,it
11046,de
11046,en
7442,en
7442,fr
14425,en
16969,en
11338,en
33258,en
47898,en
25269,en
78146,en
30315,en
21219,en
21219,fr
21219,de
21219,es
2116,en
1584,en
2056,en
4997,en
322,en
11059,en
11775,fr
11775,en
24,en
24,ja
24,fr
11329,en
11329,fr
11329,it
9373,en
28200,en
10629,en
10944,en
13920,en
4256,en
1807,en
605,en
605,fr
10719,en
508,en
508,fr
508,pt
10715,en
8619,fr
8619,pt
8619,en
21525,en
4970,en
470,en
11042,en
11042,fr
10147,en
10756,en
9562,en
9562,fr
9556,en
10952,en
860,en
8010,en
9292,en
9292,it
11850,cs
11850,en
951,en
951,es
9319,en
1643,en
1643,fr
2612,en
2612,hu
1825,en
10538,en
18410,en
19065,en
3176,ja
9261,en
9261,zh
20763,en
10021,en
14746,en
1626,fr
483,en
11018,en
43875,en
20325,en
898,en
618,xx
3089,en
3089,de
3089,it
3089,es
995,en
916,en
34456,en
15927,en
15927,hi
79,zh
10023,en
11519,en
11519,de
11519,ja
11811,en
11811,it
48129,en
10028,en
616,en
616,ja
587,en
6964,fr
6964,en
1792,en
122,en
8696,en
11093,en
11093,fa
504,en
11007,en
2289,en
9620,en
10601,en
14844,en
14844,fr
14844,he
14844,it
14844,es
14844,de
5966,en
10718,en
11034,en
31395,en
15797,en
9548,en
17258,en
14239,en
14239,pt
55448,en
1954,en
13476,en
12634,en
15708,en
21301,en
20483,en
14292,en
1278,en
1278,fr
29473,en
11023,en
11023,pt
11023,es
11221,en
1824,en
11951,en
28963,xx
9838,en
2099,en
11132,en
9352,en
9352,fr
9352,it
9352,ja
9352,de
615,he
615,la
11217,en
10677,en
10677,es
13572,it
13572,es
13572,en
338,de
2023,en
9384,en
9384,ko
17047,en
10591,en
1586,en
11169,en
11169,ru
11169,sv
2778,en
47168,en
47168,fr
47168,hu
924,en
924,it
38,en
11081,en
16941,en
9541,en
20304,en
553,en
1487,ru
1487,en
13700,zh
13700,en
11358,en
19084,en
10733,en
10733,es
14442,en
2122,en
2122,he
2122,hu
923,en
10338,en
10338,fr
10338,de
10338,it
10338,ja
10843,en
15673,en
393,en
393,zh
393,es
393,cn
7220,en
237,en
10096,en
10096,fr
10096,pt
9509,en
9509,es
11058,en
11141,en
10625,sw
10625,en
10625,de
10625,vi
7131,en
7131,la
652,en
10375,en
11864,en
9461,cn
9461,en
667,en
667,ja
667,ru
700,de
700,en
700,ru
700,es
36670,en
36670,fr
36670,ar
36670,es
11507,en
1162,en
13937,en
988,en
25508,cs
25508,en
25508,sr
42205,en
9624,cs
9624,en
44807,en
9872,en
9872,de
11474,en
9459,en
11577,en
14703,en
14703,es
20481,en
7090,en
5902,en
5902,nl
5902,pl
5902,de
5902,la
14510,en
10690,en
40028,en
13282,en
203,en
203,it
26268,en
25853,en
25853,fr
68430,en
14554,en
29146,en
5722,en
51515,en
19185,en
13763,en
15573,en
10178,en
10734,en
809,en
435,en
435,ja
435,fr
435,ar
435,es
4599,en
12657,es
12657,en
59210,en
673,en
16617,en
2789,en
8920,en
9890,en
8193,en
47821,en
26142,en
27017,en
27017,fr
52959,en
76516,en
18712,en
9372,en
44695,en
9542,en
17820,en
10204,de
10204,en
10204,fr
10204,hi
10204,tr
10204,cn
9472,en
9472,de
594,bg
594,en
594,fr
594,ru
594,es
12153,en
11036,en
1997,en
1997,fr
1997,th
26520,en
16136,en
2334,fr
1777,ar
1777,en
54022,it
22094,en
11884,en
558,en
558,ru
558,zh
80,en
80,fr
9477,en
9477,ga
9477,la
9477,cy
8699,en
11247,cs
11247,en
11247,de
2048,en
11897,en
11897,es
2502,en
2502,ru
2502,de
2502,it
314,es
314,en
18923,en
5228,en
39209,de
39209,en
39209,es
19051,en
53287,en
53287,es
14462,en
6947,en
1538,es
1538,en
14846,en
11282,en
11282,hi
11130,en
395,it
395,en
11052,en
23601,en
10762,en
11026,en
8080,en
11632,en
11632,fr
11632,de
18475,en
15644,en
15644,es
11208,en
24924,en
24924,it
9759,en
1577,en
16232,en
5137,de
5137,en
11823,en
10145,en
13702,en
747,en
43839,en
12707,en
1492,en
10555,en
11128,en
14024,en
14024,fr
11045,en
11045,pt
11045,es
14337,en
4380,en
3989,ar
3989,en
3989,fr
3989,ko
21241,de
21241,en
13416,en
13416,de
1970,en
1970,ja
8849,en
9675,en
4553,en
176,en
1677,en
9806,fr
9806,en
5255,en
11249,en
10589,en
9801,de
9801,th
9801,en
866,en
4251,hi
2059,la
2059,en
2059,es
11836,en
1966,en
2288,en
163,fr
163,it
163,nl
163,zh
163,en
36648,eo
36648,en
15788,en
43670,en
43670,ru
15613,en
43595,en
55604,en
43306,en
29244,es
29244,en
37347,en
37347,es
35032,en
27029,en
31287,en
11085,en
11085,hu
17295,ar
17295,en
17295,fr
17295,it
17102,en
3482,de
3482,en
4191,fr
26039,en
2998,en
5822,en
1835,en
11558,en
12535,en
12535,hu
38985,en
38985,fr
38985,de
38985,es
19827,en
47542,da
47542,sv
6341,en
232,en
15301,en
15301,fr
15301,de
15301,vi
47359,en
54407,en
26555,en
36677,en
8852,la
8852,en
48309,en
16859,ja
9768,en
27274,en
27274,sv
9569,en
22189,en
22189,es
9399,en
58648,en
25330,en
34376,en
14362,en
14362,it
14362,es
19143,en
12088,en
48706,en
35610,de
35610,en
41227,en
41227,es
11854,hi
844,cn
844,ja
844,zh
11847,ko
11847,en
11847,fr
11847,tr
11847,zh
11847,cn
14752,en
14752,hi
14752,ur
4689,ko
10077,en
10077,zh
11774,en
16635,af
16635,en
670,ko
9667,en
1913,gl
1913,es
2539,es
2539,en
179,en
179,fr
179,pt
83,en
11866,en
12281,en
10320,en
30973,en
20912,en
20912,de
20912,es
3509,en
11662,de
11662,ja
70,en
70,ga
205,en
205,fr
118,en
421,en
421,is
421,pt
421,fr
421,de
421,it
2567,en
9833,it
9833,en
693,en
11804,en
22301,fr
22301,en
22301,de
39472,en
16442,en
16220,en
11633,ja
9947,en
9947,ja
6439,en
7214,en
10694,en
613,hu
613,de
613,ru
8978,en
8978,sr
8978,es
11637,en
12142,en
12142,pt
11096,en
8968,en
8968,fr
8968,pl
6961,en
2436,en
2436,fr
4935,ja
8488,en
12228,en
561,en
561,pt
17880,en
3040,de
3040,ru
29993,en
9470,cn
10012,en
10022,en
10022,ko
4551,en
4551,ru
2026,en
9928,en
9928,it
33539,en
22377,da
22377,en
22377,vi
22377,de
11638,fr
11638,en
11638,pl
11638,pt
17113,en
187,en
14177,en
7364,en
7364,fr
7364,ar
11431,en
11431,pl
11431,pt
16551,en
14689,en
84084,en
7453,en
10065,en
9393,de
8976,en
11679,en
1495,ar
1495,en
1495,it
1495,la
10066,en
10066,ru
1640,en
1640,fa
1640,es
1640,zh
1640,ko
43881,en
10027,en
10027,de
10027,es
1895,en
9981,en
9981,it
4379,cs
4379,en
4379,pt
27,en
953,en
953,fr
953,pt
953,es
953,th
13064,en
12700,en
9291,en
34309,en
921,en
9779,en
9779,el
9779,es
9787,en
9787,es
787,en
787,es
14199,en
11620,en
272,en
272,ur
272,zh
11451,en
11683,en
11683,fr
11683,it
11683,pl
11683,es
9722,en
9722,es
28000,en
38731,en
74,en
1667,fr
1667,en
7233,en
9009,en
9738,en
9522,en
10476,en
11309,en
1635,en
13341,es
13341,en
11459,en
10048,en
10048,de
10048,ko
10048,ru
10048,es
16320,en
16320,zh
308,en
26579,en
18882,en
6519,en
11453,nl
11453,en
11453,pl
11453,pt
9913,en
8292,es
8292,en
13922,en
13922,ja
6957,en
6957,es
11460,en
11460,ru
19404,hi
14175,en
4442,en
4442,fr
4442,de
4442,it
9042,cs
9042,en
17926,en
1985,de
1985,en
1985,it
1985,sw
9335,en
9335,fr
9335,it
9007,en
9007,zh
9007,es
9777,en
1830,ar
1830,de
1830,en
1830,fr
1830,ru
1830,es
1830,uk
1830,tr
10092,en
10092,de
10092,pt
340,en
340,ru
340,uk
8814,ja
8814,en
9923,en
9923,pl
7553,en
7553,ru
8202,en
1947,en
1947,fr
8643,en
9315,ar
9315,de
9315,en
9315,fr
9315,it
9315,ja
3933,en
59,en
15487,en
398,en
11968,en
14517,en
533,en
5236,en
9763,en
9763,es
10017,en
27759,en
10707,en
10707,fr
9910,en
142,en
9621,en
9701,en
3291,en
16608,en
791,en
791,hu
791,it
8066,en
1656,en
1656,it
1656,es
6963,cs
6963,en
215,en
10799,fr
1951,en
25,en
25,es
25,ar
25,la
9982,en
11661,en
11661,fr
11661,de
11661,la
10060,en
231,ar
231,en
231,fa
231,ur
231,fr
231,zh
8999,en
8999,fr
4348,en
9885,sv
9885,en
674,en
674,fr
69,en
69,ru
1833,en
6795,en
13499,en
116,en
411,en
411,de
254,en
1904,en
1904,ja
19058,en
9515,en
9515,pl
8053,en
8053,es
612,ar
612,de
612,el
612,en
612,fr
612,he
612,it
612,ru
546,en
2800,en
2800,es
9641,en
7552,en
9687,en
11400,en
10045,fr
168705,en
168705,pt
1690,en
9044,en
17379,en
17379,fr
10982,en
834,en
834,fr
834,hu
1969,en
1969,es
13275,en
11565,en
11283,en
9286,en
33061,en
9975,en
9754,en
10053,en
10263,en
9959,en
9959,it
14256,en
9036,en
10073,en
7304,en
7304,ru
9920,en
9920,vi
10025,en
9682,en
9682,pl
2207,en
6877,en
950,en
752,en
9655,en
9388,en
388,en
388,sq
868,af
868,zu
14191,en
18009,en
9792,en
10067,en
46828,en
46828,it
582,de
12763,en
186,en
219,es
13751,en
10069,en
3093,en
3093,de
9270,en
13960,en
9389,en
9389,fr
4257,en
2652,en
5820,en
9904,en
588,en
9310,en
9310,es
35545,en
8982,en
8982,zh
8982,th
8982,vi
956,de
956,en
956,it
956,zh
956,cs
956,cn
9530,en
9829,en
9829,ar
9829,de
7870,en
7870,it
7518,en
503,en
503,es
591,en
591,fr
591,la
591,es
36668,en
9767,en
18164,en
920,en
920,it
920,ja
14167,en
806,en
9353,es
9353,en
2044,en
9339,en
9339,pt
9339,ja
350,en
350,fr
58,en
58,tr
58,el
58,zh
1819,en
2295,en
9697,en
1887,en
1887,fr
1887,la
13508,en
13508,fr
13508,hu
1781,en
9615,en
9615,ja
773,en
1164,ar
1164,en
1164,es
1164,fr
1164,ja
1164,ru
9072,en
9297,en
326,en
326,th
512,en
9718,en
1593,en
1593,it
1593,he
1852,en
1262,en
82,en
82,es
9293,en
9906,en
47880,en
1948,en
1948,es
1948,ko
5289,en
9907,en
9762,en
14113,en
15049,en
15049,fr
7859,en
11559,en
59964,en
9788,en
1491,en
1165,de
1165,en
1165,fr
9988,en
9988,de
9708,en
9813,en
9954,en
13075,en
7512,en
1381,en
300,en
300,fr
300,es
9676,en
9766,en
5721,en
1579,en
9664,en
9664,fr
12094,en
1717,en
15624,en
496,en
496,he
496,kk
1417,es
4643,en
7484,en
9842,en
1422,en
1422,cn
9794,en
9794,hu
9978,en
7510,en
1975,en
1975,ja
1975,ru
9895,en
8975,ar
8975,en
9672,en
9672,de
15005,en
18925,en
1523,en
1523,fr
1523,de
1523,sw
1378,en
9693,en
1124,en
3683,en
14097,ru
214,en
43884,en
11619,en
1427,en
13767,en
9726,en
9726,fr
9726,ru
10093,en
36557,en
36557,fr
9836,en
9809,en
9809,pl
9809,pt
9809,es
7551,en
1581,en
7873,en
7873,es
7873,ko
2179,en
1372,af
1372,en
9986,en
2486,en
1246,en
1246,es
18615,en
11170,en
1247,en
1247,ru
1247,es
1247,de
1125,en
1646,en
1646,es
8618,en
1259,en
1259,fr
9053,en
182,en
182,de
182,zh
182,ru
1251,en
1251,ja
9656,en
9656,it
5393,en
1931,en
13967,en
9992,en
8398,en
1265,en
10758,en
13668,en
7516,en
9760,en
9966,en
1248,en
1248,de
1248,ru
9757,en
2062,en
2266,es
2266,fr
2266,en
2266,zh
2266,ar
37725,en
40973,en
2016,ar
2016,fr
9958,en
1250,en
16555,en
11172,en
3594,en
10090,en
10090,es
7874,cs
7874,en
13185,en
4638,en
1738,en
1738,fr
1738,de
31659,en
1949,en
41393,en
1271,en
1255,ko
2977,en
2977,tr
16727,bn
16727,cs
16727,en
16727,fr
16727,hi
14434,en
9963,en
14001,en
2355,en
7485,en
9075,nl
9075,de
9075,en
9075,he
8270,en
1683,es
1683,en
1267,en
13249,en
1272,en
9903,en
7183,cs
7183,en
8271,en
8271,es
1534,en
1534,is
1534,ru
18777,en
1441,en
10294,en
13067,en
1268,en
1268,fr
1268,ru
9785,en
559,en
559,fr
37933,ja
2269,ru
11798,en
4964,en
2976,en
1562,en
810,en
5723,en
285,en
12526,en
3432,en
3489,en
298,es
298,en
298,fr
14064,en
18206,en
18206,es
1691,en
1691,pl
9408,en
1979,en
1979,ja
1979,ar
1979,zh
10288,en
1991,en
43353,en
9952,en
17320,en
17320,it
2359,en
2359,fr
2359,ru
2359,es
1988,en
1988,fr
1988,ur
3021,en
2196,en
1571,en
1571,it
1571,fr
2959,en
2698,en
1858,es
1858,en
14125,en
675,en
3563,en
2270,en
35,en
5857,en
5857,pl
5857,es
3638,en
2503,en
2503,fr
2503,ar
2503,ru
2503,es
8141,en
8363,en
5174,la
5174,en
5174,fr
5174,ja
5174,zh
9703,en
10760,en
4349,ar
4349,en
14144,en
4858,ru
4858,en
10431,cn
10431,en
10431,ja
10431,zh
12435,en
2082,en
11835,en
13501,en
13501,it
5176,en
4141,en
4141,it
4347,en
4347,fr
2009,ro
12901,en
4413,en
6973,en
7913,hi
15019,en
4629,en
2252,en
2252,ru
2252,tr
2252,uk
2252,ur
13072,en
10425,en
7737,en
10030,en
5915,da
5915,en
13680,en
9038,en
9038,es
7211,en
2001,en
2001,ru
4517,sv
4517,en
4517,es
4566,en
6615,en
6615,es
4513,en
5125,ar
5125,en
3877,en
4771,en
4512,en
13197,en
17202,en
663,en
4982,en
5559,en
7972,en
2013,fr
6977,en
6977,es
10520,en
5123,en
4515,en
5375,en
2310,en
6639,en
4723,en
5876,en
4523,en
1620,en
1620,ru
1620,sr
8079,hi
13483,ja
13483,en
2268,is
2268,en
2268,ru
2268,fr
6479,en
6477,en
6477,es
6477,fr
6477,ja
3902,en
7326,en
1989,en
46902,en
46902,pl
7350,en
7979,en
7979,pt
7979,ps
7979,ru
7979,ur
13885,en
6637,la
6637,en
6637,fr
7345,en
6538,ar
6538,en
6538,ru
6538,ur
6538,he
440,en
6575,en
14047,en
54318,en
6023,en
6557,en
7508,hi
10253,en
10253,ko
8329,ja
8329,es
7191,ru
7191,en
8090,en
7555,en
7555,th
7278,en
9030,es
9030,en
13059,en
11253,en
8321,en
19384,en
13490,en
8676,en
37003,en
8247,fr
7461,es
7461,en
8204,en
8328,ru
8328,en
7942,en
13362,en
7840,en
13460,en
12222,en
8461,en
12246,zh
12177,en
13025,en
14011,en
8944,fr
8944,en
8944,he
28260,cs
28260,en
28260,it
155,en
155,zh
8456,en
27323,en
8065,en
12890,en
4942,en
4942,de
14044,en
14044,zh
14044,ru
8988,en
10488,en
9870,en
9870,ja
9870,de
11918,en
1266,en
1266,tr
13335,en
7459,en
1729,en
1729,zh
14324,en
14324,ru
13258,en
13258,fr
13018,en
8780,en
13359,en
1726,en
1726,fa
1726,ur
1726,ar
10761,en
10761,fr
10761,ru
43664,en
43664,it
8681,en
8681,fr
8681,ar
8681,sq
13001,en
13243,en
9029,en
2454,en
13191,en
217,en
217,de
217,ru
4564,en
10665,en
9502,en
10661,en
10661,he
15691,en
8645,en
8645,fr
1724,pt
1724,es
1724,en
13405,ja
13405,zh
13405,en
10681,en
8909,en
8960,en
8960,ja
15728,en
11665,en
11665,ru
11631,en
11631,el
88751,en
88751,is
88751,it
11260,en
13910,en
13910,fr
13910,it
16007,en
16007,ja
16007,ru
6687,en
6687,fr
6687,zh
6687,ru
6687,es
11802,en
13183,en
12133,en
12133,es
12568,ar
12568,en
12568,fr
12568,it
12568,la
8836,en
16725,en
1735,en
1735,zh
10187,en
10185,en
10185,fr
13996,fr
13996,en
13996,de
5038,es
5038,en
10189,en
12289,zh
12289,th
10188,en
7446,en
7446,zh
13256,en
13310,sv
10483,en
12620,en
10186,en
10186,fr
13515,en
4944,en
13805,en
9381,en
9381,ru
13291,ar
13291,en
15206,en
8285,en
8285,fr
8285,ru
13184,th
13184,en
13389,en
13389,ru
13389,es
13279,en
12690,en
12690,es
13027,en
13092,en
12182,en
12113,ar
12113,en
13600,en
30266,en
13051,en
13051,ru
13051,es
10358,en
10523,es
10523,en
13596,en
12837,en
13948,en
7735,de
13812,en
13150,en
14325,en
13809,en
13809,ru
10527,en
10527,it
10527,th
13506,fr
13506,ru
3580,en
20766,en
12405,fr
12405,hi
12405,en
10764,en
10764,es
10764,it
10764,fr
10764,de
15373,en
13672,en
13672,fr
11917,en
13523,en
15749,en
15749,pl
15749,ru
14405,en
6972,en
6972,ja
13053,en
10139,en
8966,en
13387,en
13387,uk
13387,fr
13387,ru
13387,hu
12193,en
14574,en
14438,en
14248,en
13056,ru
13056,en
10200,zh
10200,en
14359,en
13223,en
8055,en
8055,de
8055,el
8055,la
11321,en
11321,es
12163,en
4922,en
10201,et
10201,en
10201,ko
2253,en
2253,de
10202,en
13973,en
4148,en
15676,en
13971,en
13813,de
13813,ru
13813,en
14306,en
12429,ja
14756,zh
14756,ja
14756,cn
13944,en
10199,en
10521,en
14435,en
13177,en
14139,es
12437,en
2309,en
13825,en
14560,en
13788,en
13788,he
10529,en
1977,en
1977,ja
1977,pl
14836,en
13455,en
4959,en
4959,fr
4959,de
4959,it
4959,ru
10184,en
15189,en
1961,en
20829,en
15268,en
13207,en
20421,en
14301,en
16538,en
16558,en
16558,de
16558,ru
16558,es
13811,en
16353,cs
16353,zh
16353,ru
16353,th
15472,sv
15472,en
13090,en
13090,es
15512,en
14637,en
53863,en
16614,en
20048,en
20048,fi
13804,en
18947,en
16996,en
16869,de
16869,en
16869,fr
16869,it
16995,cn
16995,en
15092,en
17431,es
17431,en
18320,en
18320,de
17436,en
2080,en
17680,en
17680,fr
13475,en
15384,zh
15384,th
10946,en
10946,pt
15577,en
534,en
534,it
18360,en
21755,en
21755,fr
21755,cs
21755,ja
17332,en
18405,en
16871,en
16871,es
16871,hu
16871,cs
17927,en
18785,en
17609,en
14536,en
14536,es
14451,no
18162,en
18487,en
18240,en
28110,es
28110,en
17610,en
12162,en
12162,ar
12162,tr
8373,en
8373,es
19265,en
11322,en
8355,en
10024,hr
10024,en
15423,en
15423,pl
19913,en
19913,fr
19913,sv
767,en
20174,en
21208,en
21208,et
21208,fr
20943,en
21407,en
12403,en
20856,en
17654,af
17654,zu
17654,en
24803,en
24803,fr
17335,en
13836,en
18126,en
14869,en
14869,fr
17134,cs
17134,en
50719,en
23367,en
19840,en
25183,en
19585,en
11928,en
11928,fr
11928,es
18533,en
18032,en
25704,en
23049,en
24150,en
60216,en
60216,de
23451,en
23451,it
12244,en
19898,en
19898,vi
19898,de
10313,en
19994,es
19994,en
11323,en
12569,en
19912,en
18501,en
22794,en
18724,en
16873,en
25643,en
29963,fr
29963,en
23827,en
20178,en
22074,en
22074,pl
22717,hi
12573,en
12573,he
28053,en
22798,en
23082,en
23082,pt
19959,en
19959,fr
19908,en
18176,en
26688,en
22787,en
22787,ru
24684,en
18710,it
18710,en
19899,en
23706,es
23706,en
16523,en
25132,en
12572,cn
12572,en
12572,fr
22803,en
24238,en
22947,en
22804,en
24418,en
22821,en
22821,it
22821,es
24804,en
24804,it
16577,en
10315,en
36278,en
54648,en
17979,en
14161,en
14161,fr
14161,hi
14161,it
14161,la
14161,zh
14161,pt
14161,ru
22825,en
22824,en
25793,en
25793,it
11699,es
11699,en
18239,en
18239,it
28089,en
28089,es
22832,en
33273,en
33273,es
33273,eu
7445,en
7445,fr
20764,en
20764,es
22881,en
22949,en
22949,uk
16866,en
16866,es
12404,en
7980,en
22954,en
10198,fr
10198,en
4597,en
4597,de
31909,en
24438,en
24438,it
24438,ru
24438,es
24438,uk
19995,en
19995,es
10197,en
10197,fr
10197,it
22897,en
22897,fr
10528,en
10528,fr
25196,en
25196,es
23398,en
23398,fr
15772,hi
40494,en
40494,it
23963,en
23963,fr
148077,fi
148077,en
19901,en
28178,en
28178,ja
25195,en
20504,en
33613,sv
18476,en
40229,en
17606,en
20453,en
20453,hi
22894,en
46336,en
27569,en
8349,de
8349,fr
8349,en
12201,en
8952,en
24469,en
51022,sr
32856,en
11324,en
11324,de
38448,en
38448,fr
38448,ro
32657,en
23742,en
23742,es
11439,en
23172,en
26428,en
12273,hi
12273,pa
29427,en
22971,en
23023,en
10664,es
26022,en
26022,hi
26022,ur
12155,en
22972,en
22972,ar
17277,en
26389,de
26389,en
26389,fr
26389,zh
26390,en
34016,en
25941,en
23169,en
34563,en
27573,en
12834,en
31723,en
15483,en
15483,it
24973,el
24973,en
31867,en
28355,en
23048,ru
23048,en
28211,en
30018,ko
10191,en
28510,bg
28510,en
27936,fr
18823,en
34769,en
23483,en
35056,he
35056,en
36419,en
27586,en
26178,it
34803,en
33217,en
34813,en
32985,ar
32985,en
10138,en
10138,ru
10138,fr
38579,en
37931,en
37931,ru
23437,en
37495,ar
37495,en
37495,ur
35169,en
38542,en
20662,en
20662,th
31261,en
46705,en
37821,en
26388,en
9543,en
37786,en
37786,ar
32823,en
34806,en
20533,en
34544,de
34544,en
34544,es
34544,fr
34544,sw
10193,en
10193,es
39013,en
10192,en
24021,en
36691,en
10196,en
34851,en
34851,es
34851,ru
20352,en
27205,en
38365,en
27022,en
37834,en
37834,de
37834,es
38575,zh
38575,en
39781,en
27576,en
27576,ru
27576,ko
31011,en
65212,en
38778,en
35019,en
37472,zh
37472,cn
37472,en
37950,en
27581,en
27578,en
27578,es
22538,en
44629,en
23759,en
43593,en
41479,cs
41479,en
41479,fr
191550,en
42194,ja
42194,zh
42194,en
38358,en
41210,en
50641,en
23631,en
23631,es
41233,en
38073,en
40264,en
40264,es
35791,en
35791,es
35791,ja
37799,en
23168,en
37735,en
38167,pt
38167,en
38167,it
38568,en
43949,en
33909,en
41216,en
39691,en
39691,th
43923,en
56969,hi
41402,en
39486,en
44040,es
44040,en
44040,uk
38303,en
38408,en
42296,en
44113,en
44639,en
43933,es
43933,en
45094,en
70695,en
42188,en
41201,fr
41201,en
45649,en
41505,en
16290,ro
16290,en
39514,en
39514,ru
43931,en
14397,en
41211,fr
41211,ja
41211,es
41211,zh
41211,ar
41211,en
46332,ar
46332,fr
41436,en
44603,en
44603,fr
41439,en
41733,en
41733,es
44115,en
38055,en
44214,en
44214,fr
44214,it
38363,en
44048,en
38357,en
38357,uk
43539,en
44147,en
43434,fr
43434,de
43434,en
43434,es
43434,ar
43434,hu
43434,ja
43434,ru
12444,en
45269,en
38757,en
45317,en
47088,en
45324,en
45324,fr
48838,en
42684,en
38117,en
43347,en
10140,en
47607,en
37710,en
37710,fr
37710,it
37710,ru
37710,es
43919,en
43930,en
44264,en
20526,en
42888,en
46829,en
44129,en
41283,en
27585,en
39451,en
38745,en
33870,en
33870,zh
42297,en
51739,ja
46838,en
41515,en
46689,en
46689,pt
23830,en
40805,en
40805,zh
49009,en
49009,pl
49009,ru
46528,en
46528,th
23047,la
23047,en
49849,en
44564,en
51876,en
51876,it
51876,ru
51876,zh
51876,fr
43947,en
41630,en
50348,en
48171,en
48171,it
48171,hu
48171,ru
48171,la
48171,cy
50217,en
45272,en
48138,en
48138,de
48138,tr
48138,ar
48340,en
45772,en
50204,en
43552,en
39513,en
4704,en
47327,en
44896,en
50725,en
38050,en
27582,en
48988,en
49494,en
46529,fr
46529,en
44943,en
50321,en
50546,en
49730,en
38322,en
45132,en
46146,no
45612,en
23629,en
23629,de
58232,de
58232,en
57521,ca
57521,es
49018,en
49010,en
55725,en
39356,en
60307,en
53172,en
50359,en
50359,ja
50359,th
73191,en
58857,ja
50456,en
50456,fr
50456,de
50456,it
50456,ar
50456,es
46523,nl
49012,en
41446,en
46195,en
46195,pt
57695,fr
62215,en
10195,en
56780,en
55787,en
55787,pl
51497,en
51497,es
51497,pt
51497,it
46738,fr
46738,ar
46738,en
43959,en
49022,en
55721,en
38321,pt
38321,en
38321,th
46849,en
50780,en
1865,en
1865,es
8967,en
45243,en
45243,th
57276,hr
57276,en
57276,fr
57276,de
57276,it
57276,ko
57276,pt
57276,ru
57276,es
49950,en
44945,en
38850,en
42571,it
42571,es
59678,en
49444,en
49538,de
49538,en
49538,es
49538,fr
49538,ru
52505,en
45658,en
55347,en
55347,fr
37686,en
44912,en
52449,en
35688,en
38356,en
59861,en
38319,en
60062,en
22907,en
38317,en
51540,en
49013,en
49013,ja
49013,it
49013,fr
45657,en
67109,en
67109,hi
59860,en
12445,en
64690,en
1771,fr
1771,no
1771,en
50646,en
51828,en
67913,ga
67913,en
51162,en
41513,en
43935,en
43935,tr
50544,en
12819,en
33927,en
33927,es
55846,en
59968,en
39806,en
63943,en
63943,pa
61791,en
49520,en
50014,en
62206,en
62206,de
62206,es
55779,en
55779,cn
60309,en
55465,en
111960,en
46261,en
58151,en
44835,en
52015,en
48289,ru
48289,en
48289,de
62835,en
62835,es
43942,en
37430,en
51588,en
48572,en
55720,en
55720,es
70868,en
65055,en
65055,pt
39538,en
39538,cn
39538,zh
64639,en
60308,en
47760,en
24428,en
48231,en
59440,en
10316,en
49021,en
37822,hi
58699,en
40807,en
74643,fr
42707,en
56401,en
39254,en
68817,en
60935,en
60935,no
60935,da
52451,en
49530,en
72113,en
50839,en
72571,en
58233,de
58233,cn
58233,en
58233,zh
58233,ru
59965,en
53487,fr
53487,hu
63492,en
69668,en
45610,ar
45610,en
61891,en
59108,en
88794,en
73499,en
17578,en
44826,en
70578,en
37958,el
37958,en
71880,en
62630,en
60422,en
60422,fr
60422,de
55292,fr
55292,zh
55292,pl
9364,en
65057,en
60420,en
64328,en
50619,en
50619,pt
57212,th
57212,en
23514,en
23514,de
23514,es
79120,en
57431,en
64685,en
75622,en
65759,en
56601,en
62046,en
70074,en
76163,en
43546,en
43546,es
43546,fr
70160,en
49026,en
49040,en
49040,ru
58574,en
66150,en
101173,en
57157,en
62838,en
56292,en
56292,ru
56292,fr
56292,ar
56292,sv
74465,en
65754,en
71469,en
55301,en
73873,en
73873,fr
79777,bs
79777,hr
79777,en
79777,sr
76487,en
77866,en
62837,en
71688,en
38541,en
52520,en
52520,ru
75174,en
49527,en
70435,en
70435,es
50357,cs
50357,en
74998,en
72431,en
72431,fr
72431,de
77338,en
77338,fr
54054,en
80591,ru
80591,en
80591,fr
58428,en
78698,en
57809,ru
48492,zh
48492,es
76726,en
65086,en
59961,en
59961,af
59961,es
80379,en
84200,en
72545,en
30596,zh
30596,cn
30596,en
16564,nl
16564,en
16564,de
71676,en
72213,en
57214,en
73723,en
73937,en
75674,en
75674,ru
59962,en
49529,en
77949,fr
77949,en
63493,en
64688,en
82532,en
81796,en
81390,en
81390,it
81025,en
57165,en
10679,en
10679,de
71552,en
94329,id
22970,en
22970,ja
91070,en
92182,en
76489,en
70436,en
62764,en
44833,en
44833,th
74534,hi
74534,en
72207,en
67660,en
17347,nl
17347,en
72387,en
72387,zh
72387,ru
57119,en
62213,en
76493,en
76493,he
41154,en
58595,en
72197,en
70981,en
92591,en
12645,en
50647,en
83666,en
50601,en
50601,ka
49014,en
72358,en
84332,en
80321,en
80321,es
80321,th
84355,en
62177,en
86467,cs
86467,en
86467,fr
76494,en
72331,en
44877,en
96399,es
96399,en
80585,en
80585,th
88005,en
72105,en
77930,en
83770,en
83770,fr
1930,en
57800,en
84175,en
98548,en
82525,en
80035,en
73567,en
64635,en
59296,en
37724,en
82696,en
77174,en
82650,en
79224,ko
109513,en
109513,fr
109513,pl
49526,zh
49526,en
82633,en
71668,en
89691,en
77883,en
48034,fr
79694,en
84174,en
83686,en
83686,fr
114150,en
77948,en
77948,es
59967,en
87428,en
84329,en
71679,en
68722,en
49049,en
60599,en
77016,en
77016,es
84892,en
103663,da
103663,pl
103663,en
91911,en
88036,en
88036,fr
75638,en
82675,en
82675,tr
82675,ar
88273,de
88273,da
88273,en
88273,fr
82505,en
126509,en
82096,en
101267,en
62214,en
82507,en
82507,pt
82507,fr
76492,en
68734,en
68734,fa
86838,en
86838,vi
57089,en
117691,hi
82990,en
94348,en
94348,de
83542,en
61012,en
43937,en
64689,en
113947,en
82690,en
47878,en
82693,en
87827,en
87827,fr
87827,hi
87827,ja
87827,zh
87827,ta
97430,en
127493,sv
127493,en
56928,en
72976,en
50620,en
60747,en
60747,ko
81188,fr
81188,en
97614,en
102780,en
85446,en
76349,fr
76349,zh
76349,en
49051,en
84305,en
84305,es
106135,en
97630,en
97630,ar
139567,en
82654,en
82687,en
75780,en
68718,en
68718,fr
68718,de
89492,en
80278,en
80278,es
80278,sv
80278,th
82695,en
128270,en
121826,en
121826,fr
88042,en
133694,en
116613,sr
116613,en
118628,en
118628,de
118628,hi
118628,ta
118628,te
76617,en
82682,en
68812,en
139038,en
132232,en
98357,en
87818,en
119283,en
60304,en
87499,en
89750,en
58244,en
109421,en
109421,fr
109431,en
109491,en
47964,en
47964,ru
107811,en
112949,en
112949,pt
85545,pl
85545,fr
85545,en
123678,en
123678,id
122857,en
68179,en
132344,en
132344,el
132344,fr
134411,en
134411,es
145135,en
81005,en
146203,en
86825,en
152259,en
68728,en
49519,en
139948,en
124459,en
122081,en
158011,en
117263,en
117263,ko
97367,en
97367,es
72710,en
65650,en
65650,es
144340,en
60579,hi
60579,ta
109428,en
68727,en
68727,fr
93828,en
44895,en
75612,en
59963,en
126250,da
126250,it
126250,en
127517,en
4258,en
134374,en
176124,en
176124,de
44865,cn
44865,ja
44865,zh
109414,en
68721,en
101501,en
94901,en
64682,en
54138,en
116741,en
77987,en
77987,th
109439,en
82992,en
82992,ru
82992,es
116711,en
42151,en
104755,en
119675,en
123103,en
123103,es
82700,en
75656,fr
75656,en
77805,en
74513,fr
74513,en
133463,en
147773,en
49521,en
87567,en
87567,es
87567,la
158015,en
96936,en
62211,en
103620,en
68726,en
152742,en
72190,en
68724,en
127373,en
93456,en
117251,en
107985,en
136418,en
136795,en
136795,es
136795,bg
57201,en
157386,en
206324,hi
49524,en
138843,en
77950,en
76170,en
136400,es
136400,en
160588,en
109729,en
76285,en
77931,en
177699,en
23535,en
76544,cn
76544,en
76544,zh
138832,en
109418,en
59859,en
87421,en
151960,en
59735,es
59735,en
115348,en
149870,fr
149870,de
149870,it
149870,ja
115782,en
123553,en
132363,en
157360,en
122906,en
205022,hi
205022,ta
199373,en
169209,en
29231,en
29231,fr
29231,ru
211954,es
211954,en
146227,en
49047,en
212716,en
146233,en
164457,en
96721,en
96721,de
96721,it
96721,fr
112205,en
129139,en
220714,hi
109417,en
114726,en
129670,en
129670,es
193613,en
165904,hi
146238,en
152584,fr
152584,en
209262,en
109451,en
109424,en
109424,so
106747,en
106747,es
85889,en
175528,en
115210,en
107846,en
107846,de
107846,ar
107846,ur
133805,en
162903,en
109091,en
76203,en
152747,en
80274,en
208134,en
76338,en
152532,en
152532,ja
175574,en
137093,en
205220,en
146304,en
101299,en
57158,en
64686,en
64686,ja
146239,en
121642,it
121642,en
121642,bs
109445,en
106646,fr
106646,en
204082,en
192136,en
192136,af
152737,en
158916,en
168672,en
116745,en
152601,en
193756,en
140823,en
87516,en
114903,es
109443,en
110415,en
110415,fr
110415,ja
110415,ko
142487,es
82679,en
14499,en
64807,en
17478,en
17478,de
17478,hi
227348,en
245775,ja
245775,fr
245775,ru
245775,en
245775,ar
204810,de
204810,he
204810,en
153158,es
153158,en
127560,en
118289,en
168530,en
137094,en
157350,en
79316,en
177047,en
217993,en
217993,de
92834,tr
126319,fr
100241,en
157099,en
152760,en
152760,de
152760,ru
152760,fr
137106,en
97020,en
144336,en
157834,en
226857,en
137321,en
222899,en
120467,en
120467,fr
225565,en
157336,en
225574,en
225574,de
53182,en
82703,en
97370,en
136797,en
242042,en
177494,en
209403,en
235260,en
235260,he
100402,en
86834,en
155084,en
188207,en
145220,de
145220,en
190955,es
190955,en
190955,it
193612,en
200505,en
180299,ar
180299,id
180299,ja
180299,en
102382,en
157547,en
249660,en
197796,en
197796,fr
172385,en
172385,pt
157353,en
236751,en
193610,en
254473,en
210479,en
76649,en
195589,en
49158,en
205601,en
252680,en
240832,zh
240832,en
240832,fr
240832,es
240832,ko
127585,en
124905,en
187596,en
59981,en
212778,en
212778,es
210947,it
210947,en
210947,fr
232672,en
198277,en
102651,en
137113,en
177677,de
177677,en
177677,sv
198185,hi
198185,en
222935,en
209185,en
175541,en
227700,en
187017,en
156022,en
82702,en
194662,en
85350,es
85350,en
91314,en
218836,en
226486,en
242224,en
267999,en
267999,hu
244786,en
210577,en
119450,en
123109,en
225886,en
238636,en
118340,en
242095,en
138103,en
184315,en
231576,en
238603,en
243683,en
244566,en
157845,zh
157845,en
228194,hi
228194,en
228194,fr
76757,en
98566,en
227156,en
193893,en
211067,en
212769,en
189,en
249164,en
221902,fr
282813,en
209189,en
256274,en
241848,en
204922,en
199933,en
216282,en
192145,it
192145,en
254191,en
198663,en
136835,en
244506,en
169917,en
282296,en
111479,en
111479,de
254904,en
170687,en
149871,ja
239678,en
190859,en
246403,en
250546,en
49017,en
241254,en
227707,en
206487,en
239571,en
245891,hu
245891,en
245891,ru
205587,en
228150,en
266285,da
266285,en
239563,en
218778,en
218043,en
242512,en
242582,en
36523,en
177572,en
264660,en
87492,en
199534,de
199534,en
77951,en
203793,de
203793,ru
205596,en
171274,en
131631,en
147441,en
100042,en
80920,en
266856,la
266856,en
266856,fr
266856,it
227735,en
232679,en
192558,hi
140818,no
241771,en
205775,en
135397,en
227159,en
270946,en
253331,en
256917,ru
256917,tr
256917,el
256917,en
116149,en
294254,en
245916,en
214086,en
122917,en
273895,en
227306,it
227306,en
227306,ja
172391,en
265177,fr
265177,en
241239,es
241239,en
87093,it
87093,en
87093,fr
224141,en
228967,ko
228967,en
207703,en
181533,en
68737,en
15888,el
15888,en
196867,en
297222,hi
116977,en
198184,en
232175,en
260346,en
201088,en
201088,it
201088,zh
201088,es
87101,en
288158,en
208763,en
208763,ru
54518,en
78383,en
121734,es
121734,en
209901,en
270303,en
16191,en
31179,en
29996,en
34128,en
76341,en
280092,en
280092,th
140607,en
271969,en
68735,en
99861,en
102899,en
166424,en
293660,en
283995,en
271110,ro
271110,en
271110,de
271110,ru
284052,en
246655,en
284276,es
284276,en
164372,ru
284536,en
28284,en
210860,en
216015,en
272693,en
227719,en
167073,en
232572,en
283235,en
308453,en
308638,en
250124,en
308639,en
230266,en
72784,en
167810,en
27873,en
273248,es
273248,en
286565,en
252838,en
241251,en
201085,en
243938,en
256591,en
228165,en
234212,en
290764,en
243940,en
239573,en
132759,ru
241554,en
265712,ja
265712,th
150689,en
243688,en
243688,ru
266647,en
252512,en
262500,en
39385,fr
228161,en
245703,en
266396,es
266396,en
255343,es
255343,en
168259,en
277685,en
5896,en
5896,de
181283,en
257091,en
290864,cn
290864,zh
244539,en
304357,en
304357,de
269148,ar
269148,fr
269148,en
269148,pt
269148,ru
269148,sr
158852,en
256961,en
270654,en
282631,ja
282631,ko
228205,en
266331,en
293863,en
256924,en
256924,it
254128,en
134126,ko
249070,en
275601,en
332835,hi
254470,en
258480,en
245846,en
254320,en
254320,fr
287424,en
268920,es
268920,en
171424,en
286217,en
286217,zh
323517,hi
238713,de
238713,en
238713,fr
238713,it
271718,en
39895,en
39895,de
222936,ru
222936,en
244783,en
300168,en
300168,zh
188222,en
286521,en
150540,en
58333,de
58333,hi
131634,en
272878,en
257344,en
262504,en
259316,en
215776,hi
328111,en
256962,en
238615,en
274854,en
287903,de
287903,en
297761,en
47933,en
21950,en
20688,de
14194,de
14194,hi
214756,en
211672,en
49375,en
105864,en
261023,en
206647,fr
206647,en
206647,es
206647,it
206647,de
14813,en
87533,en
321697,en
225728,en
296099,en
254905,en
209112,en
264999,en
203801,it
203801,en
203801,ru
203801,de
286372,en
285783,fr
285783,en
300671,ar
300671,en
273169,fr
273169,pl
301748,en
299245,en
182560,en
336804,tr
189227,ta
281957,en
281957,fr
307081,en
273481,es
273481,en
318781,en
318781,es
157544,en
157544,de
257211,en
264644,en
328425,en
310131,en
300667,en
298312,en
290751,en
283445,en
261392,en
192141,fr
192141,en
192141,th
277216,en
228066,en
98203,en
301875,en
273477,en
245168,en
245168,de
301351,en
301351,it
323272,en
276907,en
306819,en
306819,fr
306819,de
313922,en
283587,en
328589,en
310123,hi
310123,en
287948,en
86868,fr
263472,es
263472,en
81481,ko
74254,de
303991,en
10317,en
118051,hi
296100,en
253412,en
314365,en
245698,en
325348,en
325348,ru
295964,fr
295964,en
268660,en
159824,en
159824,th
306745,en
309809,en
297762,de
297762,en
339988,en
68730,ja
68730,en
296098,ru
296098,en
296098,de
44250,ru
44250,en
270487,en
257445,en
304372,en
253414,en
146301,en
266639,en
293646,es
293646,en
298382,en
294016,en
321741,en
227973,en
56666,hi
56666,ur
312221,en
360203,en
336004,en
333348,en
257088,en
368330,hi
341895,ta
299687,en
336882,no
351694,cn
351694,zh
285959,en
318846,en
329833,en
259694,en
34421,en
351819,en
340666,en
274167,en
266294,en
140300,en
201386,nl
58431,en
333596,en
331190,en
329440,en
37460,hi
275269,hi
276905,en
323675,en
319888,en
319888,de
319888,no
375290,ar
375290,hi
273899,en
321258,en
343795,en
343795,pt
335778,en
291870,en
300673,en
339408,en
44566,hi
296096,en
146198,en
205584,en
376869,hi
323677,en
333371,en
267860,en
269149,en
279641,en
318850,en
267193,en
83902,en
83902,hi
105254,en
105254,sv
14467,hi
14071,en
14071,hi
111836,te
61400,hi
381890,zh
301365,en
333352,so
333352,en
320588,en
2989,en
333385,en
339984,en
315664,en
302688,en
297806,en
342521,en
296360,en
292081,en
295699,en
369557,en
370755,en
290595,en
325133,en
377985,hi
303858,en
322240,en
326423,en
330483,en
127380,en
323676,en
333669,en
333669,fr
316152,en
316152,de
153518,en
384737,en
300983,ta
76788,ta
353069,en
302401,en
234004,en
257440,en
290250,en
270010,ar
270010,en
270010,it
332567,en
70527,sr
57186,sr
89868,en
290098,ja
290098,ko
241259,en
267935,en
223702,en
334533,eo
334533,en
291805,zh
291805,en
339397,en
347031,en
374458,ro
308531,en
257345,en
58522,it
259693,en
43074,en
302699,en
324668,en
258489,en
316727,en
316023,en
278154,en
294272,en
333386,en
328387,en
363676,en
376812,en
376812,hi
325789,en
325789,es
308266,sq
308266,ar
308266,en
308266,ro
351809,es
382322,en
173689,en
376659,ru
376659,en
338766,en
300669,en
300669,uk
403119,en
368940,en
368940,fr
368940,de
368940,th
376660,en
351339,cs
351339,de
351339,en
337674,fr
396535,ko
368031,en
278924,bg
278924,en
333484,en
32147,en
270774,en
270774,zh
376867,en
213681,en
213681,es
313297,en
95610,en
283552,en
377264,cn
377264,en
296524,en
283366,en
346685,es
346685,en
369883,pt
369883,en
369883,hu
302946,en
315011,it
315011,de
315011,en
315011,ja
36046,en
324786,ja
324786,en
351211,en
339419,en
284564,de
284564,en
284564,es
258230,en
329865,zh
329865,en
329865,ru
377447,ja
377447,en
377447,zh
393559,fr
376565,ru
313369,en
369885,ar
369885,en
369885,fr
369885,de
207932,en
331313,he
331313,en
335796,en
402298,en
343611,en
334543,bn
334543,en
334543,hi
338964,en
340402,en
361777,en
361777,fr
361777,es
345920,en
347026,en
329981,en
299641,en
277834,en
376866,en
376866,es
384682,en
44010,en
365942,en
330459,en
259695,en
259695,es
381288,en
346672,en
346672,th
346672,uk
376290,en
274870,en
381284,en
332979,en
332979,fr
311324,en
311324,zh
311324,es
310307,en
356305,en
335797,en
121856,en
121856,pt
121856,es
381289,en
388399,ar
388399,en
388399,zh
334524,en
334524,id
342473,en
262841,en
324542,en
340837,en
340837,de
404378,en
47971,en
292280,en
324849,en
335791,en
409502,en
396616,no
14564,en
393519,fr
324552,en
324552,it
419430,en
263115,en
263115,es
293167,en
180863,bg
180863,en
397837,en
274857,en
274857,th
241258,en
321612,en
295693,en
173897,en
428449,en
315837,ja
315837,en
341174,en
425942,es
330947,en
358962,ru
340101,en
433356,en
345938,en
395992,cn
395992,en
395992,ja
314095,en
314095,de
314095,pt
314095,es
305470,en
126889,en
334521,en
417644,es
417644,en
353569,en
353569,ru
289222,en
368006,ta
390051,en
440642,ru
339846,en
373569,en
373569,pt
373569,es
282035,ar
282035,en
282035,th
337339,en
260514,en
382614,en
443319,en
30593,en
30593,it
220002,tr
38794,tr
14395,en
14395,hi
399019,en
399019,fr
339403,en
397422,en
324852,en
333667,en
43228,en
281338,en
293768,en
326011,ru
8453,hi
8453,it
8453,ur
374720,en
374720,fr
374720,de
14570,en
335988,en
353491,en
378236,en
395834,en
