movie_id,country_id
8844,US
31357,US
949,US
9091,US
710,GB
710,US
9087,US
10858,US
1408,FR
1408,DE
1408,IT
1408,US
524,FR
524,US
4584,GB
4584,US
5,US
9273,US
11517,US
8012,US
9691,FR
9691,US
451,US
9263,US
902,FR
902,DE
902,ES
63,US
9598,AU
9598,US
9312,US
577,US
11861,US
807,US
10530,US
629,US
10634,US
755,US
11859,US
36929,US
9102,CA
9102,JP
9102,US
400,US
9095,US
12158,US
9208,US
13685,US
9614,US
688,US
197,US
103,US
33542,HK
78406,US
11066,US
2074,US
11863,US
11000,US
9737,US
568,US
11780,GB
11780,US
414,GB
414,US
5894,US
1775,CA
1775,US
8839,US
20649,US
10329,US
8963,US
8068,US
8512,US
1572,US
6520,US
10428,US
9886,CA
9886,US
9482,US
9071,US
2293,US
9070,JP
9070,US
48787,DE
48787,RU
48787,GB
48787,US
1642,US
36196,US
11980,US
10533,US
10802,FR
10802,US
10149,DE
10149,JP
10149,US
9348,US
281,US
3512,US
9560,US
9804,US
50797,FR
50797,RU
76,AT
76,CH
76,US
11017,US
9382,FR
9382,US
2292,US
1909,US
8984,US
8467,US
522,US
27303,US
14275,US
1024,NZ
628,US
87729,US
6280,US
11,US
18183,MX
4476,US
28313,US
3036,GB
3036,JP
3036,US
17402,US
1945,US
241,US
6950,US
101,FR
101,US
63020,US
680,US
12106,JP
12106,US
3586,US
22586,US
2636,PE
2636,US
2164,FR
2164,US
11395,US
278,US
9067,US
193,US
25066,US
1587,US
9271,US
2064,US
236,AU
236,FR
3049,US
10497,FR
10497,GB
10497,US
9331,US
10731,US
9495,US
888,US
13,US
712,GB
10879,US
8587,US
1689,FR
1689,IT
1689,LI
1689,GB
11596,US
854,US
36593,US
2788,US
10427,US
1637,US
8831,JP
8831,US
36955,US
12160,US
26352,US
22067,US
11667,JP
11667,US
8011,CA
8011,FR
8011,GB
2654,US
10436,US
4722,US
1607,US
117553,US
6075,US
9350,FR
9350,IT
9350,US
2124,US
9571,US
9739,US
9024,US
37233,US
1634,FR
1634,US
5503,US
35588,US
2019,US
9255,US
9386,US
7984,GB
7984,IE
329,US
10909,US
9593,US
10440,US
9516,US
2320,US
788,US
11231,US
10447,US
9800,US
8291,US
10872,US
1245,GB
1245,US
11858,CA
11858,US
5550,US
8005,FR
8005,US
2088,GB
2088,US
47889,US
14534,US
424,US
11592,US
8850,US
858,US
867,US
78,US
78,HK
78,GB
10442,US
9607,GB
9607,US
17585,US
9057,US
9479,US
10057,US
10057,AT
11969,US
319,US
15139,US
771,US
251,US
812,US
280,FR
280,US
581,GB
581,US
268,GB
268,US
274,US
408,US
10020,US
10895,US
114,US
576,US
275,US
8766,US
10112,US
1592,US
61752,US
10684,US
954,US
8840,US
10539,US
47502,US
2300,US
8069,US
40001,US
9103,CA
9103,US
12233,US
36355,US
9100,US
40507,US
9802,US
664,US
10547,MX
10547,US
935,GB
935,US
9826,AU
9826,US
9879,US
7095,US
627,GB
602,US
9566,US
9894,US
11543,US
9268,CA
9268,US
9327,US
11228,US
10779,NZ
10779,US
26748,US
9294,US
11363,US
1645,US
18550,US
11962,US
2925,US
3595,US
12123,US
10830,US
3573,US
10546,US
47907,US
10061,US
549,US
10478,US
66634,AU
66634,FR
238,US
11134,HK
9303,US
11015,DE
11015,JP
11015,NZ
11015,GB
11015,US
9306,US
10723,US
10987,US
872,US
2769,US
164,US
426,US
567,US
3078,US
213,US
284,US
239,US
4808,US
289,US
963,US
11113,US
6620,US
804,US
630,US
770,US
599,US
15,US
62,US
62,GB
705,US
22490,US
223,US
303,US
4174,US
381,US
1859,US
10907,US
1939,US
3080,US
1712,US
220,US
3529,US
2897,US
1585,US
3083,US
10331,US
488,GB
488,US
261,US
22649,US
10861,US
1770,IE
1770,GB
9333,US
9400,US
11306,US
173,US
864,US
11224,US
9078,US
8367,US
433,US
11360,US
12335,US
12092,US
10948,US
15121,US
562,US
10163,GB
10163,JP
10163,US
41843,US
11412,US
10586,DE
10586,US
49471,US
25147,GB
454,US
10218,US
819,US
252,US
11561,US
623,GB
623,US
583,GB
11575,US
475,US
521,US
88,US
500,US
792,GB
792,US
8491,US
402,FR
402,US
10537,US
11386,JP
11386,GB
11386,IE
9504,US
601,US
2119,US
744,US
702,US
21612,US
1630,US
10379,GB
10379,US
2756,US
790,US
1103,US
11298,US
762,GB
49763,US
892,FR
409,GB
409,US
10161,IE
10161,GB
10409,AU
31225,US
510,US
1891,US
2493,US
85,US
679,GB
679,US
429,US
429,IT
429,ES
429,DE
389,US
185,GB
185,US
28,US
335,IT
335,ES
335,US
1892,US
144,DE
144,FR
769,US
348,US
348,GB
11645,JP
11645,FR
539,US
525,US
240,US
600,GB
600,US
279,US
703,US
9549,US
387,DE
9277,US
218,GB
218,US
763,NZ
9665,US
379,US
207,US
37247,US
1480,US
826,GB
826,US
829,US
3090,US
694,US
694,GB
235,US
765,US
5925,US
11778,GB
11778,US
137,US
33,US
982,US
105,US
1633,US
11202,US
149,JP
8009,GB
8009,US
903,US
3034,US
339,DE
339,FI
339,FR
339,GB
339,US
914,US
756,US
288,US
665,US
11031,US
89,US
783,IN
783,GB
10644,US
12104,GB
625,GB
830,US
642,US
655,DE
655,FR
655,GB
655,US
639,US
8077,GB
8077,US
814,GB
814,US
571,US
6114,US
9529,US
1598,US
7340,US
377,US
794,GB
794,US
199,US
12498,US
9279,US
21539,US
11674,GB
11674,US
1573,US
152,US
174,US
172,US
154,US
157,US
168,US
364,GB
364,US
11967,US
621,US
9037,US
10173,US
8845,FR
8845,US
578,US
579,US
17692,US
75,US
13891,US
9390,US
378,US
9819,US
4232,US
9361,US
8818,US
8818,HU
34314,US
8860,US
9619,US
26306,US
66,US
11419,US
25624,US
9366,US
9403,US
10003,US
1624,US
16052,US
4477,US
24662,US
6499,JP
6499,US
50512,US
9360,BR
9360,PE
9360,US
816,DE
816,US
2163,US
18,FR
64802,US
330,US
1701,US
1639,US
415,GB
415,US
11970,US
8874,US
266,FR
266,IT
754,US
607,US
17834,US
686,US
4421,US
9387,US
2142,US
8413,GB
8413,US
10336,US
20737,CA
20737,US
9413,US
8834,US
8854,US
4961,US
9772,DE
9772,US
6072,US
1669,US
2118,US
978,US
9437,US
10351,US
2649,US
14289,US
10155,FR
10155,US
68924,FR
68924,US
2255,US
9427,GB
3597,US
1813,DE
1813,US
12628,US
782,US
10871,US
10890,US
1281,GB
1281,US
9770,US
12616,US
11975,US
4995,US
9281,US
563,US
19931,US
19931,CN
10215,GB
10215,US
9823,US
37165,US
4824,US
9444,US
9414,US
8078,US
11831,US
2639,US
9574,US
489,CA
489,US
9714,US
6283,US
4233,US
10217,CA
597,US
714,GB
714,US
9922,US
184,US
115,GB
115,US
9410,US
586,US
2666,AU
2666,US
11258,DK
11258,FR
11258,NZ
11258,GB
11258,US
9490,US
25719,GB
6116,GB
9457,CA
9457,US
11702,US
12238,IT
12238,US
11003,US
10153,US
2898,US
9558,IT
9558,GB
9558,US
11808,US
42807,US
617,US
32456,US
17127,US
2157,US
29193,US
795,US
795,DE
9469,US
16148,US
10622,AU
10622,HK
10216,US
9448,US
8656,US
58680,US
18937,US
929,US
9452,US
1878,US
9844,US
1965,US
6068,US
15037,US
21334,IR
10674,US
846,CA
846,US
3050,US
1389,US
9464,US
95,US
944,US
11551,US
473,US
544,US
65203,US
33680,US
56164,US
12311,US
34106,US
43266,US
27367,US
28580,US
887,US
11426,US
654,US
15919,US
1725,US
5769,GB
874,GB
10633,US
17917,GB
3116,US
1051,US
1366,US
12102,US
9443,GB
606,US
746,FR
746,CN
746,GB
746,IT
380,US
403,US
13820,US
13597,GB
13597,US
2108,US
10014,US
10072,US
10131,US
10160,US
11284,US
4488,US
9725,US
9728,US
9730,US
9731,US
10225,US
10281,US
10283,US
948,US
11281,US
10676,US
11357,US
11361,US
36599,CA
10585,US
11186,US
11187,GB
11187,US
609,US
11133,US
10306,US
9552,US
11586,US
941,US
942,US
943,US
927,US
928,US
9340,US
9342,US
19,DE
165,US
196,US
551,US
3170,US
346,JP
859,GB
859,US
841,US
242,IT
242,US
1411,US
9769,FR
9769,US
9424,AU
9424,US
9835,US
857,US
10957,US
9570,US
9994,US
10439,US
11158,US
9354,US
9631,DE
9631,US
907,IT
907,US
11974,US
793,US
9325,US
10144,US
10414,US
12230,US
10693,US
11319,US
13155,GB
13155,US
10249,US
10882,US
24808,US
2619,US
97,US
11675,US
19158,JP
19158,US
227,US
87,US
123,US
11336,US
9980,US
10489,US
10823,US
11497,IE
11497,GB
11497,US
2907,US
9454,US
8688,CA
8688,US
23954,CA
23954,FR
396,US
16081,US
11837,GB
11704,US
11639,GB
11639,US
4978,US
11976,US
11976,GB
15144,US
8393,ZA
8393,BW
9320,US
33644,US
805,US
34584,DE
34584,US
34636,DE
34636,US
77469,US
36647,US
4011,US
5854,US
573,GB
2370,US
5780,US
506,US
22527,US
574,US
11219,US
845,US
3682,US
847,US
117,US
11462,US
10220,US
431,CA
22796,US
22256,US
12626,US
3525,US
2321,US
48311,US
11933,US
4478,US
2109,US
24746,US
8195,FR
8195,GB
8195,US
9877,CA
9877,FR
9877,US
24016,IT
24016,GB
1091,US
10403,US
162,US
8916,US
9429,US
12159,NZ
12159,US
27791,US
10156,US
10377,US
4437,US
1955,GB
1955,US
11932,CA
11932,US
6435,US
10683,US
9425,US
637,IT
20701,US
73,US
9882,US
10663,US
4518,US
3600,US
297,US
11893,IL
11893,US
14924,GB
9798,US
9487,US
666,BR
692,US
39256,US
39256,JP
244,US
10730,US
31947,US
8130,US
9749,US
14628,US
9626,NL
9626,US
10466,US
707,FR
707,IS
707,GB
707,US
9336,US
9447,AU
12257,US
10029,US
11252,US
200,US
9837,US
11545,US
1934,US
13764,US
1369,US
1368,US
1370,US
10303,US
9326,MX
9326,US
11285,US
1367,US
1371,US
1374,US
1375,US
15196,US
1885,US
8856,US
5825,US
9489,US
8741,CA
8741,US
9276,US
10312,US
9422,US
825,US
9423,US
9423,GB
9423,DE
9423,JP
9423,FR
10658,US
11815,US
9426,CA
9426,GB
9426,US
2620,US
30497,US
16337,US
16780,US
192,FR
192,IT
192,DE
10013,US
9671,AU
11873,US
10015,US
10314,US
11167,GB
2112,US
16172,US
11622,US
10207,US
9849,US
18892,US
1542,US
15256,US
8224,US
8913,US
10906,US
25748,US
10671,US
27932,US
7227,US
5919,US
10803,US
871,US
1685,US
1705,US
1688,US
1687,US
11123,US
29723,US
9535,AU
9535,US
9455,US
796,US
100,GB
30943,US
7341,US
9540,CA
9540,US
22345,US
1641,US
47288,US
16520,US
16379,US
603,AU
603,US
4951,US
8970,US
9430,US
11355,US
18764,HK
9465,US
6522,US
39964,US
1946,CA
1946,FR
1946,GB
1844,GB
1844,US
6552,US
3309,US
18462,US
8592,US
564,US
13852,AU
1893,US
1924,GB
1924,US
8536,GB
8536,US
9531,GB
9531,US
11411,GB
11411,US
138,US
3035,US
36685,GB
36685,US
30168,US
8974,US
509,GB
509,US
1090,US
817,US
37135,US
2275,DE
2275,US
24137,GB
24137,US
104,DE
9032,US
6488,US
8487,US
2105,US
10208,US
2667,US
345,GB
345,US
9825,US
16158,US
620,US
2978,US
10490,US
11618,US
1812,US
8914,AU
8914,US
9824,US
4806,US
967,US
802,GB
802,US
3175,GB
3175,US
21185,EC
21185,US
10136,US
873,US
10776,US
16406,CA
16406,FR
16406,US
10386,US
745,US
913,US
17707,US
9781,US
48781,US
48781,CA
48781,DE
29056,US
28501,US
10766,US
813,US
9406,FR
9406,GB
9406,LU
9406,NL
9406,US
11153,US
2280,US
9944,US
10342,US
10366,US
1911,US
2900,US
2162,US
14578,US
10307,US
11601,US
26522,US
14,US
24128,US
11001,DE
11001,US
9453,IT
9453,US
704,GB
24153,US
11797,US
10669,US
11527,GB
11527,US
28032,IE
28032,US
11326,GB
10398,CA
10398,US
60994,US
14429,US
15198,CA
15198,US
6415,US
24066,US
10349,US
29787,US
9638,US
10576,US
12618,US
226,US
10388,US
9346,US
861,US
9377,US
11541,AU
11541,US
11901,US
4929,US
18254,US
19997,US
17352,US
535,US
1654,GB
1654,US
658,GB
658,US
657,GB
646,GB
5689,US
391,IT
391,DE
391,ES
8052,US
772,US
31650,US
302579,US
550,DE
550,US
36819,GB
11562,US
5548,US
5549,US
856,US
699,GB
699,US
709,GB
709,US
253,GB
660,BS
660,FR
660,GB
660,US
11377,US
26149,US
492,US
128,JP
2020,US
9481,US
9008,US
16281,US
16288,US
1694,US
37094,US
21610,US
957,US
11886,US
11040,US
1621,US
47941,US
21349,US
1832,US
10228,JP
10228,US
9289,US
11165,JP
11165,US
24226,US
2668,DE
2668,US
36643,GB
36643,US
99,ES
99,FR
5156,IT
24276,US
11393,US
10998,US
36094,US
9013,US
2924,US
177,US
38557,US
9946,US
863,US
22267,US
55123,US
9586,US
32669,US
10402,US
497,US
1715,US
25188,US
2277,DE
2277,US
10137,DE
10137,US
334,US
9563,US
1850,US
926,US
1213,US
10471,US
10400,US
10384,CH
10384,US
5924,US
10493,AU
10493,US
13342,US
35119,AU
35119,US
14919,US
75531,US
2005,US
11087,US
7305,US
9475,US
8872,US
11287,US
9869,US
619,US
9374,US
11259,US
1923,US
10206,US
9367,MX
9367,US
12143,US
4234,US
9605,US
8374,CA
8374,US
29076,US
1907,GB
1907,US
77908,US
14181,US
10385,DE
10385,US
2787,US
2069,CA
2069,US
901,US
10098,US
2155,US
47816,US
25166,US
1831,US
28172,US
2067,US
622,FR
622,PT
622,ES
20283,US
5693,US
287,US
968,US
838,US
820,US
918,US
61178,US
16535,US
462,US
9532,US
1541,US
8469,US
925,US
13939,US
14373,US
24873,US
34746,CA
34746,US
996,US
1496,US
1498,HK
1498,US
1497,HK
1497,US
1499,HK
1499,US
33762,US
11690,US
801,US
1879,US
2085,US
16222,US
37722,CA
37722,US
3082,US
24748,US
990,US
840,US
2291,US
16620,US
526,US
13346,US
243,GB
243,US
10501,US
11478,CA
11478,US
6644,US
879,US
11327,GB
11327,US
1700,US
34322,US
10774,US
10083,US
10747,US
38809,US
10559,US
20697,US
2621,US
10479,US
13665,US
12309,US
106,US
10333,US
1359,CA
1359,US
4967,US
10557,GB
10518,US
11977,US
18041,US
14736,US
3536,FR
3536,US
1443,US
10424,US
889,US
10564,US
39283,US
98,GB
98,US
11129,GB
11129,IE
38925,US
5491,US
10560,US
10688,US
5683,US
10567,US
9285,US
955,DE
955,US
8584,HK
8584,US
962,US
668,GB
668,US
691,GB
691,US
698,FR
698,GB
698,US
682,GB
682,US
9600,DE
9600,US
2768,US
10911,GB
10911,US
23939,US
11072,US
985,US
938,IT
938,ES
938,DE
1551,US
10246,US
10246,CA
19698,CA
19698,US
23919,CA
23919,US
169,US
865,US
9663,US
10128,US
9659,AU
8810,AU
9355,AU
635,US
10068,US
11495,US
10117,US
9679,US
51333,FR
51333,GB
51333,US
482,US
592,US
12611,US
9040,IT
9040,US
25364,US
5121,US
6978,US
10571,US
479,DE
479,US
7450,US
31023,ES
7443,GB
2123,US
2024,DE
2024,US
17711,DE
17711,US
2133,US
15379,US
12764,US
16094,US
494,US
493,US
4244,US
4247,US
20770,US
32275,US
36657,US
36047,US
2655,US
12599,JP
12599,US
11940,GB
10276,US
12107,US
6282,US
9383,DE
9383,US
5551,US
33408,US
11589,RS
11589,US
15158,US
26515,US
39473,US
8843,DE
8843,US
10643,JP
37136,US
37137,US
3110,US
9651,GB
9651,US
11398,CA
11398,US
1588,US
12211,US
786,US
12212,CA
12212,US
16,AR
16,DK
16,FI
16,FR
16,DE
16,IS
16,IT
16,NL
16,NO
16,SE
16,GB
16,US
10637,US
9003,GB
9064,GB
11569,CA
11569,US
2160,US
2161,US
10461,US
1597,US
16888,US
18498,US
71,FR
71,GB
1636,US
10647,US
24100,DE
24100,NL
24100,US
4327,US
4958,US
11978,US
8870,AU
8870,US
681,GB
681,US
8452,US
10862,US
8871,DE
8871,US
16340,DE
16340,US
10481,US
10876,DE
10876,GB
10876,US
9741,US
146,CN
146,HK
146,TW
146,US
11849,CZ
11849,US
11678,NZ
11678,PK
11678,US
2669,US
2669,GB
708,GB
708,US
1857,US
10673,US
2604,US
10132,CA
10132,US
11064,US
107,GB
107,US
40820,US
392,GB
392,US
8859,US
11688,US
12509,US
3981,US
711,US
2046,US
8358,US
25520,GB
25520,FR
25520,DE
25520,US
1493,US
134,FR
134,GB
134,US
10577,US
11973,US
1900,DE
1900,US
10873,US
15739,US
15413,US
11209,US
13715,US
9989,CA
9989,US
9816,US
20637,US
16723,US
2018,US
10937,US
90,US
12919,US
15785,US
10110,US
764,US
580,US
13703,US
1547,US
10019,US
11649,US
13509,US
24940,US
9740,GB
9740,US
10878,US
19405,US
1921,US
23685,US
12138,US
6073,MX
6073,US
82103,BR
2749,DE
2749,US
22013,US
14460,US
9594,US
2453,US
33676,CA
33676,US
4587,US
11454,US
4192,GB
4985,US
23730,US
853,IE
853,US
853,DE
853,GB
10877,CA
10877,US
77,US
10054,US
10646,US
2575,IE
2575,US
55,MX
2043,CA
2043,DE
2043,US
4133,US
10991,JP
634,FR
634,IE
634,GB
634,US
10956,US
9290,AU
9290,US
111,US
10477,AU
10477,CA
10477,US
1734,US
8095,GB
8095,US
8095,CH
849,ES
849,GB
849,IT
849,US
11307,US
78133,US
25221,US
9062,US
9476,US
5852,US
808,US
824,AU
824,US
676,US
22414,US
1406,US
1632,US
966,US
11896,US
5923,US
11090,US
9397,US
9705,AU
9705,US
1089,US
17494,JP
17494,US
29393,US
9576,US
10865,US
1995,US
10808,US
9799,DE
9799,US
644,US
16161,US
10691,US
10992,US
2140,FR
2140,US
4248,CA
4248,US
11286,US
15875,US
23439,US
11697,US
11536,US
10339,US
13938,US
10540,GB
9462,HK
2114,JP
2114,US
8835,US
11371,DE
11371,US
15745,US
9395,HK
9395,US
14506,IT
14506,GB
59797,US
19382,US
9599,US
7520,US
10126,US
9602,US
3980,US
10127,US
26386,US
10675,FR
10675,US
2617,US
30690,US
12144,IE
12144,US
13704,US
12120,US
38617,US
9604,US
24929,US
10925,US
24266,AU
11503,US
38560,IT
38560,US
8337,US
9493,US
11352,US
45225,US
1648,US
4105,US
10142,TH
10142,US
10134,US
2210,GB
2210,US
20713,US
9085,US
505,US
10345,US
10222,US
14372,IT
14372,US
15138,US
9972,US
9494,US
9942,US
24739,US
27418,US
39002,US
12663,US
12663,ZA
331,US
327,GB
327,JP
327,US
869,US
36095,JP
2171,US
10135,US
12150,US
11185,US
12521,US
9618,US
31608,US
2616,US
7091,US
183,US
2148,US
2057,FR
2057,US
9880,US
5175,US
20391,US
11542,US
2770,US
12610,US
13496,US
10972,US
9896,CA
9896,US
2294,US
10016,US
26602,US
8922,DE
8922,US
34223,US
11370,GB
11370,US
11370,DE
11370,LU
12508,US
18734,US
2176,US
20857,DE
20857,US
2185,US
10696,US
2034,AU
2034,US
31016,US
11576,US
15393,US
248,US
13766,US
12103,AU
12103,US
11313,AU
11313,US
9398,DE
9398,US
10866,US
34549,US
9778,US
16121,US
16769,US
3172,US
17708,US
1018,FR
1018,US
11380,US
984,US
14811,US
768,CZ
768,GB
2100,US
11091,US
167,DE
167,GB
167,US
141,US
11456,US
585,US
10796,US
23949,US
9889,US
13408,US
671,GB
671,US
14369,US
1535,GB
1535,US
1433,ES
1433,MX
16085,US
10656,FR
72277,AU
11033,US
3604,US
10649,US
17689,US
14854,US
10650,US
8007,US
161,US
194,FR
194,DE
11397,US
1903,US
9428,US
27150,US
26978,US
8386,US
12589,US
120,NZ
120,US
11086,US
453,US
37257,US
8489,US
855,GB
855,US
5279,DE
5279,GB
5279,US
10950,US
1365,US
24206,CA
24206,GB
11595,US
848,GB
9610,US
15035,US
33155,US
150,US
15050,US
10423,US
651,US
11362,US
2637,US
10229,US
50819,US
50819,PH
9606,JP
31674,US
20009,CA
20009,US
47871,US
11870,US
9884,US
11212,US
69928,US
17130,US
10592,US
8470,US
16690,AU
16690,CA
16690,US
9272,US
14475,US
10052,DE
10052,US
11979,AU
11979,US
23479,US
10590,DE
10590,US
46717,US
35614,US
17058,US
13950,US
2135,US
15186,US
10935,US
14729,US
425,US
1576,FR
1576,DE
1576,GB
1576,US
5851,AU
5851,US
15647,US
1391,MX
13006,GB
10627,US
36586,DE
36586,US
15028,US
14635,US
1791,AT
1791,FR
11560,US
11452,US
548,JP
1537,US
12149,DE
12149,IT
12149,US
11812,US
35080,DE
35080,GB
35080,US
441,US
8346,CA
8346,US
31671,US
11892,US
9334,US
9334,DE
9334,BE
11470,US
11468,US
19085,US
28117,US
46691,US
48482,US
557,US
32221,US
12227,US
2251,US
245,GB
245,US
1894,US
15417,US
1957,US
320,US
9023,US
4614,US
12277,US
13153,TH
13153,US
3132,US
2501,US
2501,DE
2501,CZ
9637,US
12100,US
27945,US
30194,US
13909,US
11544,US
180,US
2022,US
608,US
59387,US
6278,IE
6278,GB
6278,US
4147,US
49370,US
1842,US
11442,US
8665,CA
8665,DE
8665,GB
8665,US
10996,US
818,US
39141,US
8764,GB
8764,US
2675,US
9488,US
9962,NL
9962,DE
9962,US
9573,US
7451,US
11692,AU
11692,US
9266,DE
9266,US
8653,KR
30072,GB
30072,US
9357,US
12771,DE
12771,US
15070,US
10323,US
9595,US
9941,US
39833,US
10725,US
9544,DE
9544,LU
9544,GB
9544,US
13536,US
20616,US
10611,US
4108,US
4108,FR
9685,US
14361,US
12262,US
9093,GB
9093,US
9039,DE
9039,US
11013,US
129,JP
11529,US
9533,DE
9533,US
53049,US
7501,US
13768,US
1430,US
12779,IT
12779,GB
15992,AU
15992,US
1613,CA
1613,GB
565,JP
565,US
14112,US
21925,US
10285,US
11009,US
10805,US
47942,US
15668,US
19429,US
21294,CA
11644,US
24274,US
11646,AU
42149,US
73247,US
38665,US
19507,US
17450,US
41280,US
9645,AU
9645,US
9012,US
1360,MX
1360,US
1360,CA
12208,GB
12208,US
8427,US
9021,US
13526,FR
13526,US
9280,CH
9280,FR
65,US
10712,US
672,DE
672,GB
672,US
13888,US
43089,AU
9538,CA
47890,NL
47890,US
36669,GB
36669,US
10426,US
15074,US
2103,US
9016,US
13945,US
14433,GB
9932,AU
9932,US
13369,US
2757,US
7299,US
17360,US
40952,US
16363,US
67772,US
13497,US
201,US
2755,US
121,NZ
121,US
1429,US
13435,US
3131,US
3131,IT
2642,AU
2642,US
2149,DE
2149,US
25848,IT
25848,US
81048,US
11706,IT
11706,US
640,US
1574,US
590,US
423,FR
423,DE
423,PL
423,GB
4912,US
12090,DE
12090,US
9582,US
598,BR
598,FR
8073,FR
12253,US
9358,US
10894,US
10724,US
9919,DE
9919,US
6038,HK
6038,US
9480,US
14873,AU
14873,US
12139,US
18587,US
17264,US
33364,US
33851,GB
4911,DE
4911,GB
4911,US
16072,US
11615,DE
11615,GB
11615,US
11635,US
10623,US
10678,US
9567,US
455,IN
455,DE
455,GB
455,US
10632,US
36362,US
2671,JP
42618,US
9557,DE
9557,US
6171,US
29912,US
28881,US
10782,US
9341,US
9341,CA
9341,DE
8409,DE
8409,US
1817,US
21052,FR
21052,US
9506,US
24982,MX
24982,US
2662,US
13370,US
994,GB
994,US
10514,US
16651,US
24961,US
31633,US
47762,US
2832,US
18736,US
36658,US
10708,US
604,AU
604,US
10720,DE
10720,US
1555,FR
310,US
12,US
9654,GB
9654,US
9902,DE
9902,US
584,US
11890,US
290,GB
290,US
10152,US
31246,US
17813,US
170,GB
9471,US
47676,US
43039,GR
43039,US
33454,US
1927,US
10327,US
296,DE
296,GB
296,US
302,FR
302,GB
22,US
8698,CZ
8698,DE
8698,GB
8698,US
8961,US
9486,FR
9486,GB
1996,US
1996,DE
1996,JP
1996,GB
4464,US
12279,US
54580,ES
54580,FR
54580,IT
430,US
5185,GB
8273,US
8046,US
10330,US
9257,US
6466,CA
6466,IT
6466,US
2055,US
14926,US
10923,CA
10923,US
18573,US
41759,US
19053,US
11206,US
13154,US
636,US
26198,GB
35073,US
9362,US
12268,GB
12268,US
10999,US
32316,US
11351,US
9616,DE
9616,US
1415,NL
1415,US
11547,US
7270,US
1428,US
153,JP
153,US
9584,GB
9584,US
8408,US
8408,JP
2687,FR
2687,US
16323,US
19064,US
277,DE
277,HU
277,GB
277,US
10159,US
10934,IT
10934,US
321,CA
837,CA
19666,IN
821,DE
821,US
37672,US
891,US
10881,JP
10881,PL
10438,US
650,US
10337,US
37753,US
11046,GB
11046,US
7442,US
14425,US
16969,US
11338,US
33258,US
47898,US
25269,US
78146,US
30315,US
21219,US
2116,US
1584,DE
1584,US
2056,US
4997,CA
4997,US
322,US
11059,CA
11059,DE
11059,US
11775,US
24,US
11329,US
9373,US
28200,GB
10629,IE
10629,GB
10629,US
10944,AU
10944,US
13920,US
4256,US
1807,US
605,US
605,AU
10719,US
10719,DE
508,GB
508,US
10715,DE
10715,US
8619,US
21525,US
4970,US
470,US
11042,CA
11042,FR
10147,DE
10147,US
10756,US
9562,US
9556,US
10952,US
860,US
8010,AR
8010,FR
8010,GB
9292,US
11850,US
951,US
9319,US
1643,FR
1643,IT
2612,US
1825,US
10538,US
18410,US
19065,US
3176,JP
9261,TW
9261,US
20763,US
10021,US
14746,US
1626,FR
483,US
11018,US
43875,US
20325,US
898,US
618,US
3089,US
995,US
916,US
34456,US
15927,GB
15927,US
79,CN
10023,US
11519,US
11811,US
48129,US
10028,US
616,JP
616,US
616,NZ
587,US
6964,US
1792,US
122,NZ
122,US
8696,GB
11093,US
504,US
11007,US
2289,US
2289,GB
2289,RO
2289,IT
9620,CA
9620,US
10601,GB
10601,US
14844,GB
14844,US
5966,US
10718,AU
10718,US
11034,US
31395,US
15797,US
9548,US
17258,US
14239,US
55448,US
1954,CA
1954,US
13476,US
12634,US
15708,US
21301,US
20483,US
14292,US
1278,FR
1278,IT
1278,GB
29473,US
11023,US
11221,US
1824,US
11951,US
28963,US
9838,US
2099,US
11132,DE
11132,US
9352,US
615,US
11217,US
10677,US
13572,DE
13572,US
338,DE
2023,US
2023,MA
9384,US
17047,US
10591,US
1586,US
11169,DE
11169,US
2778,US
47168,GB
924,US
38,US
11081,US
16941,IE
16941,GB
9541,US
20304,US
553,DK
553,FI
553,FR
553,DE
553,IT
553,NL
553,NO
553,SE
553,GB
1487,US
13700,US
11358,US
19084,US
10733,US
14442,IE
14442,GB
2122,US
923,IT
923,JP
923,US
10338,GB
10843,US
15673,US
393,US
7220,DE
7220,US
237,FR
237,GB
10096,US
9509,GB
9509,US
11058,CA
11058,US
11141,DE
11141,IE
11141,GB
10625,US
7131,CZ
7131,US
652,US
652,MT
652,GB
10375,US
11864,US
9461,HK
9461,US
667,GB
700,GB
700,US
36670,DE
36670,GB
36670,US
11507,US
1162,US
13937,US
988,US
25508,US
42205,US
9624,US
44807,SG
9872,US
11474,US
9459,US
11577,US
14703,US
20481,US
7090,FR
7090,NL
7090,US
5902,GB
5902,US
14510,US
10690,IE
10690,GB
10690,US
40028,US
13282,US
203,US
26268,US
25853,US
68430,US
14554,US
29146,US
5722,US
51515,BR
51515,US
19185,US
13763,US
15573,US
10178,US
10734,US
809,US
435,US
4599,US
12657,US
673,GB
673,US
16617,FI
16617,NL
16617,GB
16617,US
2789,US
8920,US
9890,US
8193,US
47821,FR
47821,GB
26142,US
27017,US
52959,US
18712,US
9372,US
44695,US
9542,US
17820,US
10204,DE
10204,IE
10204,GB
10204,US
9472,DE
9472,US
594,US
12153,US
11036,US
1997,FR
1997,GB
26520,US
16136,US
2334,FR
1777,US
54022,US
22094,US
11884,US
558,US
80,US
9477,IE
9477,GB
9477,US
8699,US
11247,CA
11247,US
2048,US
2048,DE
11897,US
2502,DE
2502,US
314,US
18923,US
5228,US
39209,US
39209,DE
19051,SE
19051,US
53287,JP
53287,US
14462,US
6947,US
1538,US
14846,US
11282,US
11130,US
395,CA
395,CZ
395,DE
395,GB
395,US
11052,JP
11052,US
23601,US
23601,CA
10762,US
11026,US
8080,DE
8080,GB
8080,US
11632,GB
11632,US
18475,US
15644,US
11208,US
24924,US
9759,DE
9759,US
1577,GB
1577,US
1577,DE
1577,FR
1577,CA
16232,US
5137,GB
5137,US
11823,FR
11823,GB
10145,US
13702,US
747,GB
747,US
747,FR
43839,US
12707,US
1492,FR
1492,CR
1492,ES
1492,GB
1492,US
10555,US
11128,US
14024,US
11045,FR
11045,US
14337,US
4380,US
3989,DE
3989,US
21241,US
21241,HK
13416,US
1970,JP
1970,US
8849,GB
8849,US
9675,US
4553,US
4553,ES
176,US
1677,US
9806,US
5255,US
11249,RO
11249,US
10589,US
9801,FR
9801,DE
9801,IE
9801,GB
9801,US
866,GB
866,US
4251,IN
2059,US
11836,US
1966,FR
1966,DE
1966,IT
1966,NL
1966,GB
1966,US
2288,US
163,US
36648,US
15788,US
43670,DE
43670,US
15613,US
43595,US
55604,US
43306,US
29244,US
37347,US
35032,US
27029,US
31287,US
11085,US
17295,IT
17295,DZ
17102,GB
3482,FR
3482,US
4191,FR
4191,IT
26039,US
2998,US
5822,US
1835,US
11558,US
12535,US
38985,US
19827,US
47542,SE
6341,US
232,US
15301,US
47359,US
54407,AU
26555,US
36677,US
8852,US
48309,US
16859,JP
9768,US
27274,US
9569,US
22189,US
9399,US
58648,US
25330,US
34376,US
14362,US
19143,US
12088,AU
12088,US
48706,US
35610,US
41227,CA
11854,IN
844,DE
844,HK
844,CN
844,FR
844,IT
11847,HK
14752,IN
4689,KR
10077,CZ
10077,DE
10077,GB
10077,US
11774,DE
11774,US
16635,GB
16635,IE
16635,ZA
670,KR
9667,DE
9667,US
1913,ES
1913,FR
1913,IT
2539,US
179,FR
179,DE
179,GB
179,US
83,US
11866,US
12281,US
10320,US
30973,CA
30973,GB
20912,US
3509,US
11662,JP
70,US
205,CA
205,GB
205,US
205,IT
205,ZA
118,AU
118,GB
118,US
421,US
2567,US
9833,GB
9833,US
693,US
11804,CA
11804,GB
11804,US
22301,US
39472,IT
39472,US
16442,US
16220,US
11633,JP
9947,CA
9947,US
6439,US
6439,ZA
7214,DE
7214,US
10694,US
613,AT
613,DE
613,IT
8978,US
8978,FR
11637,US
12142,CA
12142,DE
12142,US
11096,US
8968,US
6961,US
2436,US
4935,JP
8488,US
12228,US
561,DE
561,US
17880,US
3040,RU
29993,US
9470,CN
9470,HK
10012,DE
10012,US
10022,CA
10022,US
4551,US
2026,DE
2026,US
9928,US
33539,GB
33539,US
22377,US
11638,US
17113,US
187,US
14177,US
7364,DE
7364,ES
7364,GB
7364,US
11431,DE
11431,US
16551,US
14689,US
84084,US
7453,US
10065,US
9393,DE
8976,US
11679,US
1495,DE
1495,MA
1495,ES
1495,GB
1495,US
10066,US
1640,DE
1640,US
43881,US
10027,FR
10027,GB
10027,US
1895,US
9981,US
4379,US
4379,DE
27,GB
953,US
13064,US
12700,US
9291,US
34309,US
921,US
9779,US
9787,DE
9787,US
787,US
14199,US
11620,US
272,GB
272,US
11451,US
11683,CA
11683,FR
11683,US
9722,US
28000,US
38731,US
74,US
1667,FR
7233,US
9009,US
9738,DE
9738,US
9522,US
10476,US
11309,GB
11309,US
1635,US
13341,US
11459,US
10048,US
16320,US
308,FR
308,US
26579,US
26579,GB
26579,FR
26579,JP
18882,AU
18882,US
6519,US
11453,US
9913,DE
9913,US
8292,US
13922,US
6957,US
11460,US
19404,IN
14175,GB
4442,CZ
4442,GB
4442,US
9042,DE
9042,US
17926,US
1985,CN
1985,DE
1985,GB
1985,US
9335,FR
9007,US
9777,US
1830,FR
1830,US
1830,DE
10092,US
340,US
8814,CZ
8814,DE
8814,GB
8814,US
9923,FR
9923,GB
9923,US
7553,US
8202,US
1947,US
1947,DE
8643,US
9315,US
3933,US
59,US
59,CA
59,DE
15487,US
398,CA
398,US
11968,US
14517,GB
14517,US
533,GB
533,US
5236,US
9763,GB
9763,US
10017,US
10017,CA
27759,US
10707,US
9910,US
142,CA
142,US
9621,US
9701,US
3291,FR
3291,JP
3291,GB
3291,US
16608,AU
16608,GB
791,CA
8066,US
1656,MX
1656,US
6963,DE
6963,US
215,US
10799,FR
1951,DK
1951,FR
1951,DE
1951,IT
1951,NL
1951,SE
1951,GB
25,DE
25,US
9982,US
11661,BE
11661,FR
11661,DE
11661,JP
11661,NO
11661,RO
11661,GB
11661,US
10060,US
231,US
8999,GB
8999,US
4348,FR
4348,GB
4348,US
9885,AU
674,GB
674,US
69,DE
69,US
1833,US
6795,US
13499,US
116,IE
116,LU
116,RU
116,GB
116,US
411,GB
411,US
254,NZ
254,US
254,DE
1904,US
19058,NL
19058,US
9515,DE
9515,US
8053,US
8053,FR
612,CA
612,US
612,FR
546,US
2800,US
9641,US
7552,US
9687,GB
11400,US
10045,FR
168705,US
1690,US
9044,CZ
9044,DE
9044,GB
17379,US
10982,US
834,US
1969,US
1969,FR
1969,MX
13275,US
11565,US
11283,FR
11283,GB
11283,US
9286,CA
9286,DE
9286,US
33061,IT
33061,US
9975,US
9754,US
9754,AU
10053,US
10263,US
9959,US
14256,US
9036,US
10073,CH
10073,US
7304,DE
7304,US
9920,US
10025,US
9682,US
2207,US
2207,DE
6877,US
950,US
752,DE
752,GB
752,US
9655,US
9388,US
388,US
868,ZA
14191,AU
14191,US
18009,US
9792,FR
9792,US
10067,US
46828,US
46828,IT
582,DE
12763,US
186,DE
186,US
219,ES
13751,US
10069,US
3093,DE
3093,GB
3093,US
9270,US
13960,US
9389,FR
9389,GB
9389,LU
4257,US
2652,US
5820,US
9904,CA
9904,US
588,CA
588,FR
588,JP
588,US
9310,US
35545,US
8982,TH
8982,AU
956,CN
956,DE
956,US
9530,DE
9530,GB
9530,US
9829,FR
9829,GB
9829,US
7870,US
7518,US
503,US
591,US
591,MT
591,FR
591,GB
36668,CA
36668,GB
36668,US
9767,US
18164,US
920,US
14167,US
806,US
9353,US
2044,US
9339,US
350,US
58,US
1819,US
2295,US
9697,US
1887,FR
1887,US
1887,JP
13508,US
1781,US
9615,JP
9615,US
773,US
1164,FR
1164,JP
1164,MX
1164,US
9072,US
9297,US
326,US
512,GB
9718,US
1593,US
1593,GB
1852,US
1262,US
82,UY
82,US
82,DE
82,PY
9293,CA
9293,US
9906,US
47880,GB
1948,US
5289,CA
5289,GB
5289,US
9907,DE
9907,US
9762,US
14113,US
15049,CA
7859,US
11559,CA
11559,GB
59964,US
9788,US
1491,CZ
1491,US
1165,FR
1165,IT
1165,GB
1165,US
9988,US
9708,US
9708,DE
9708,CA
9813,US
9954,US
13075,US
7512,US
1381,US
300,FR
300,IT
9676,FR
9676,DE
9676,US
9766,US
5721,US
1579,US
9664,GB
9664,US
12094,US
1717,US
15624,GB
15624,US
496,US
1417,ES
1417,US
1417,MX
4643,US
7484,US
9842,US
1422,HK
1422,US
9794,US
9978,DE
9978,GB
9978,US
7510,US
1975,US
9895,US
8975,US
9672,US
15005,US
18925,US
1523,GB
1523,DE
1523,US
1378,US
9693,GB
9693,US
1124,US
3683,US
14097,RU
14097,UA
14097,FI
214,US
43884,US
11619,GB
11619,US
1427,ES
1427,DE
1427,FR
13767,US
9726,US
10093,US
36557,IT
36557,GB
36557,US
36557,CZ
36557,DE
9836,AU
9809,US
7551,US
1581,GB
1581,US
7873,US
2179,US
1372,DE
1372,US
9986,DE
9986,US
2486,GB
2486,US
2486,HU
1246,US
18615,US
11170,US
1247,US
1125,US
1646,DE
1646,US
8618,GB
1259,GB
9053,DE
9053,GB
9053,US
182,US
1251,JP
1251,US
9656,CA
9656,US
5393,DE
5393,US
1931,US
13967,GB
13967,US
9992,FR
8398,US
1265,US
10758,US
13668,US
7516,FR
7516,GB
7516,US
9760,US
9966,US
1248,GB
1248,CZ
1248,FR
1248,IT
9757,US
2062,US
2266,FR
37725,CA
37725,US
37725,GB
40973,US
2016,DZ
2016,FR
2016,MA
2016,BE
9958,CA
1250,US
1250,AU
16555,US
11172,US
3594,DE
3594,US
10090,US
7874,US
13185,GB
4638,GB
1738,US
31659,US
1949,US
41393,US
1271,US
1255,KR
2977,GB
2977,US
16727,IN
16727,US
14434,IN
14434,US
9963,US
14001,US
2355,US
7485,US
9075,NL
9075,DE
9075,GB
8270,US
1683,US
1267,US
13249,US
1272,GB
1272,US
9903,US
7183,US
8271,US
1534,US
18777,US
1441,BG
1441,US
10294,US
13067,US
1268,GB
1268,US
1268,FR
1268,DE
9785,CA
9785,US
559,US
37933,JP
2269,RU
11798,GB
4964,US
2976,GB
2976,US
1562,ES
1562,GB
810,US
5723,IE
285,US
12526,US
3432,US
3489,US
298,US
14064,AU
18206,US
1691,US
9408,US
1979,DE
1979,GB
1979,US
10288,CA
1991,US
43353,US
9952,US
17320,US
2359,US
1988,FR
1988,GB
1988,PK
1988,US
3021,US
2196,GB
1571,GB
1571,US
2959,AU
2959,US
2698,US
1858,US
14125,RU
14125,US
675,GB
675,US
3563,US
2270,IS
2270,GB
2270,US
35,US
5857,US
3638,AU
3638,US
2503,DE
2503,US
8141,US
8363,US
5174,US
9703,GB
9703,IT
9703,FR
9703,TN
10760,US
4349,DE
4349,US
14144,US
4858,US
4858,AU
10431,US
10431,CA
12435,US
2082,US
11835,US
13501,DE
13501,GB
13501,US
5176,US
4141,US
4347,GB
4347,FR
4347,US
2009,BE
2009,RO
4413,US
6973,US
7913,IN
15019,US
4629,AU
4629,GB
4629,US
2252,GB
2252,US
2252,CA
13072,US
10425,DE
10425,US
7737,AU
7737,FR
7737,DE
7737,GB
7737,US
10030,CA
10030,US
5915,US
13680,US
9038,US
7211,US
2001,US
4517,GB
4566,US
6615,US
4513,NZ
4513,US
5125,US
3877,US
4771,US
4512,CA
4512,GB
4512,US
13197,US
17202,US
663,US
4982,GB
4982,US
5559,US
7972,US
2013,FR
2013,US
6977,US
10520,US
5123,US
4515,US
5375,US
2310,US
6639,US
4723,FR
4723,DE
4723,US
5876,US
4523,US
1620,FR
1620,US
8079,IN
13483,US
2268,GB
2268,US
6479,US
6477,US
3902,US
7326,US
1989,CN
1989,FR
1989,HK
7350,US
7979,CN
7979,US
13885,GB
13885,US
6637,US
7345,US
6538,US
440,US
6575,US
14047,US
54318,US
54318,GB
54318,AU
6023,US
6557,US
7508,IN
10253,KR
8329,ES
7191,US
8090,US
7555,DE
7555,US
7278,US
9030,US
13059,US
11253,DE
11253,US
8321,GB
8321,US
19384,US
13490,US
8676,US
37003,US
8247,CA
8247,US
7461,US
8204,US
8328,US
7942,GB
13362,GB
7840,US
7840,ZA
13460,DE
13460,GB
13460,US
13460,ZA
12222,US
8461,AT
8461,FR
8461,DE
8461,IT
8461,GB
8461,US
12246,RU
12246,DE
12246,KZ
12177,US
12177,GB
12177,DE
13025,US
14011,US
8944,US
28260,US
155,GB
155,US
8456,US
27323,US
8065,US
12890,US
4942,DE
4942,US
14044,CN
14044,HK
8988,US
10488,US
9870,US
11918,US
1266,US
13335,US
7459,AU
7459,DE
7459,US
1729,CN
1729,US
14324,LU
14324,IT
14324,FR
14324,GB
13258,DE
13258,FR
13258,GB
13018,US
8780,US
13359,US
1726,US
10761,GB
10761,US
43664,US
8681,FR
8681,GB
8681,US
13001,CA
13001,US
13243,US
9029,US
2454,CZ
2454,PL
2454,SI
2454,US
13191,BG
217,US
4564,US
10665,US
9502,US
10661,US
15691,CA
15691,GB
15691,US
8645,US
8645,IN
8645,FR
1724,US
13405,AU
13405,CN
13405,DE
10681,US
8909,DE
8909,US
8960,US
15728,US
11665,CA
11665,RU
11665,US
11631,DE
11631,GB
11631,US
88751,US
11260,US
13910,GB
16007,JP
6687,DE
6687,ES
6687,GB
6687,LT
11802,US
13183,US
12133,US
12568,IT
12568,MA
12568,GB
8836,CA
8836,US
16725,CA
1735,DE
1735,US
10187,US
10185,US
13996,US
5038,US
5038,ES
10189,US
12289,CN
10188,US
7446,US
7446,GB
7446,DE
13256,US
13256,GB
13310,SE
10483,GB
10483,US
10483,DE
12620,US
10186,US
13515,RO
13515,US
4944,US
4944,GB
4944,FR
13805,US
9381,FR
9381,GB
13291,US
15206,IT
15206,US
8285,US
13184,US
13389,US
13279,US
12690,US
13027,US
13027,DE
13092,GB
12182,US
12113,US
12113,GB
13600,US
30266,BS
30266,US
13051,US
13051,CA
10358,US
10523,US
13596,US
12837,US
13948,US
7735,DE
13812,US
13150,US
13150,DE
14325,DE
14325,US
13809,GB
10527,US
13506,RU
3580,US
20766,US
12405,IN
12405,GB
12405,US
10764,GB
10764,US
15373,US
13672,BE
13672,FR
13672,LU
11917,US
13523,US
15749,CA
15749,DE
15749,US
14405,US
6972,AU
6972,US
6972,GB
13053,US
10139,US
8966,US
13387,FR
13387,GB
12193,US
14574,GB
14574,US
14438,US
14248,US
14248,FR
13056,CA
13056,DE
13056,US
10200,CA
10200,US
14359,US
13223,US
13223,DE
8055,DE
8055,US
11321,US
12163,US
4922,US
10201,US
2253,DE
2253,US
10202,US
13973,US
4148,GB
4148,US
15676,US
13971,FR
13971,GB
13971,US
13813,US
14306,US
12429,JP
14756,HK
13944,CA
13944,US
10199,GB
10199,US
10521,US
14435,US
13177,US
14139,ES
12437,US
2309,DE
2309,GB
2309,US
13825,GB
13825,US
14560,US
13788,US
10529,DE
10529,US
1977,US
14836,US
13455,US
13455,CA
4959,DE
4959,GB
4959,US
10184,NL
10184,US
10184,DE
15189,US
1961,US
20829,US
15268,CA
15268,IN
15268,JP
15268,US
13207,US
20421,IE
20421,GB
20421,US
14301,US
16538,US
16558,DE
16558,US
13811,GB
13811,US
13811,AU
16353,TH
15472,DK
15472,DE
15472,SE
13090,US
15512,US
14637,US
53863,US
16614,US
20048,US
13804,US
18947,DE
18947,GB
18947,FR
16996,US
16869,DE
16869,US
16995,FR
16995,GB
16995,US
15092,US
17431,GB
18320,GB
18320,US
17436,DE
17436,US
2080,US
17680,US
13475,DE
13475,US
15384,CN
10946,DE
10946,GB
10946,US
15577,US
534,DE
534,IT
534,GB
534,US
18360,US
18360,CA
21755,US
17332,US
18405,US
16871,US
17927,US
18785,DE
18785,US
17609,DK
17609,FR
17609,DE
17609,IT
17609,PL
17609,SE
14536,CA
14536,US
14451,NO
18162,US
18487,US
18240,US
28110,US
17610,US
12162,US
8373,US
19265,FR
19265,US
11322,US
8355,US
10024,US
15423,US
19913,US
767,GB
767,US
20174,US
21208,CA
21208,FR
21208,DE
21208,US
20943,US
21407,US
12403,US
20856,CA
20856,US
17654,US
17654,NZ
17654,CA
17654,ZA
24803,US
17335,US
13836,US
18126,US
14869,CZ
14869,US
17134,US
50719,US
23367,US
19840,CA
19840,US
25183,US
19585,US
11928,AR
11928,ES
11928,IT
11928,US
18533,GB
18032,FR
18032,GB
18032,HU
18032,AU
18032,US
18032,NZ
25704,US
23049,GR
23049,US
24150,US
60216,US
23451,DK
23451,FI
23451,GB
23451,SE
12244,US
19898,DE
19898,GB
10313,GB
10313,US
19994,US
11323,US
12569,US
19912,US
18501,US
22794,US
18724,US
16873,US
25643,CA
25643,GB
25643,US
29963,GB
29963,FR
29963,AU
23827,US
20178,US
22074,US
22717,IN
12573,US
12573,GB
12573,FR
28053,US
22798,US
23082,US
19959,US
19908,US
18176,US
26688,US
22787,CA
22787,FR
22787,US
24684,GB
24684,US
18710,US
19899,US
23706,US
16523,US
25132,AE
25132,US
12572,US
22803,US
24238,AU
22947,US
22804,AU
22804,CA
22804,GB
22804,US
24418,US
22821,US
24804,US
16577,HK
16577,JP
16577,US
10315,US
36278,US
17979,US
14161,CA
14161,US
22825,US
22824,US
25793,US
11699,US
18239,US
28089,US
22832,DE
22832,US
33273,FR
33273,ES
7445,US
20764,MX
20764,US
22881,US
22949,US
16866,ES
16866,GB
16866,US
12404,US
7980,GB
7980,NZ
7980,US
22954,US
10198,US
4597,US
31909,US
24438,US
19995,US
19995,GB
10197,IT
10197,US
22897,US
10528,DE
10528,GB
10528,US
25196,US
23398,US
15772,IN
40494,US
23963,CA
148077,FI
19901,US
19901,AU
28178,GB
28178,US
25195,IE
25195,US
20504,US
33613,SE
18476,CA
18476,US
40229,US
17606,GB
17606,IT
20453,IN
22894,US
46336,US
27569,US
8349,DE
8349,GB
12201,GB
12201,US
8952,US
24469,GB
24469,NL
51022,RS
51022,DE
32856,US
11324,US
38448,IE
38448,US
32657,CA
32657,US
23742,US
11439,DE
11439,GB
11439,US
23172,US
26428,ES
12273,IN
29427,US
22971,US
23023,CA
23023,US
10664,ES
26022,IN
26022,US
12155,US
22972,ES
22972,GB
22972,US
22972,FR
17277,US
26389,GB
26389,FR
26390,US
34016,US
25941,GB
23169,US
34563,US
27573,US
12834,US
31723,US
15483,IT
24973,US
31867,CA
31867,US
28355,CA
28355,US
23048,US
28211,FR
28211,US
28211,CA
30018,KR
10191,US
28510,US
27936,FR
18823,US
34769,CA
34769,GB
34769,US
23483,GB
23483,US
35056,US
36419,US
27586,US
26178,AU
34803,US
33217,GB
33217,US
34813,US
32985,FR
32985,CZ
32985,GB
10138,US
38579,US
37931,US
23437,US
37495,GB
35169,AE
35169,US
38542,GB
20662,GB
20662,US
31261,JP
31261,US
46705,US
37821,US
26388,ES
26388,US
26388,FR
9543,US
37786,US
32823,US
34806,US
20533,US
34544,US
10193,US
39013,US
10192,US
24021,US
36691,US
10196,US
34851,US
20352,US
27205,GB
27205,US
38365,US
27022,US
37834,US
38575,CN
38575,US
39781,US
27576,US
31011,BE
31011,CA
31011,FR
31011,DE
65212,US
38778,US
35019,US
35019,GB
35019,FR
37472,HK
37472,CN
37950,US
27581,US
27578,US
22538,US
22538,CA
44629,AU
23759,FR
23759,GB
43593,US
41479,US
42194,US
42194,JP
42194,CN
38358,US
38358,FR
41210,US
23631,US
41233,US
38073,US
40264,US
35791,DE
35791,US
35791,FR
35791,CA
37799,US
23168,US
37735,US
38167,US
38568,US
43949,US
33909,US
41216,AU
41216,US
39691,US
39691,AU
43923,US
56969,IN
41402,GB
41402,US
39486,US
44040,US
38303,US
38408,US
42296,US
44113,US
44639,US
43933,GB
45094,US
70695,US
42188,GB
42188,US
41201,FR
41201,GB
45649,FR
45649,AO
41505,US
16290,US
16290,RO
39514,US
43931,US
14397,CA
14397,US
41211,FR
41211,MC
46332,FR
41436,US
44603,US
41439,CA
41439,US
41733,US
44115,GB
44115,US
38055,US
44214,US
38363,US
38363,AE
44048,US
38357,US
43539,US
43539,FR
44147,FR
44147,GB
43434,FR
43434,DE
12444,GB
12444,US
45269,GB
38757,US
45317,US
47088,FR
47088,US
45324,CA
48838,GB
48838,US
42684,US
38117,US
43347,US
10140,US
47607,US
37710,GB
37710,US
37710,FR
37710,IT
43919,US
43930,AU
44264,US
20526,US
42888,US
46829,CA
46829,IT
44129,US
41283,US
27585,US
39451,US
38745,US
33870,AU
42297,US
51739,JP
46838,CA
46838,US
41515,US
41515,NZ
46689,BR
46689,GB
23830,FR
23830,US
40805,US
49009,PL
49009,AE
49009,US
46528,NZ
46528,KR
23047,US
49849,US
44564,US
51876,US
43947,US
41630,US
50348,US
48171,US
48171,HU
48171,IT
50217,US
45272,US
48138,FR
48138,DE
48138,GB
48340,US
48340,AU
45772,US
45772,GB
50204,GB
43552,US
39513,US
39513,GB
4704,US
47327,US
44896,US
50725,US
50725,DE
38050,US
27582,US
48988,US
49494,US
46529,US
44943,US
50321,US
50546,US
49730,CA
49730,US
38322,US
45132,US
46146,NO
45612,CA
45612,US
23629,US
58232,AT
58232,DE
58232,GB
57521,ES
49018,US
49018,CA
49010,US
49010,CA
55725,US
39356,NZ
60307,US
53172,US
50359,GB
73191,US
58857,JP
58857,GB
50456,DE
50456,GB
50456,US
46523,NL
49012,US
41446,US
46195,US
57695,FR
57695,DE
62215,DK
62215,FR
62215,DE
62215,SE
10195,US
56780,US
55787,US
51497,US
46738,CA
46738,FR
43959,US
49022,US
55721,US
38321,US
46849,US
50780,AE
50780,US
1865,US
8967,US
45243,US
57276,FR
57276,DE
57276,GB
49950,US
44945,US
38850,US
42571,IT
59678,GB
49444,US
49538,US
52505,US
45658,US
55347,US
37686,US
44912,US
52449,US
35688,US
38356,US
59861,US
38319,US
60062,US
22907,US
38317,US
51540,US
49013,US
108923,US
45657,US
67109,IN
59860,HU
59860,US
12445,GB
12445,US
64690,US
1771,US
50646,US
51828,GB
51828,US
67913,IE
51162,US
41513,US
43935,US
50544,US
12819,US
12819,IN
33927,US
55846,GB
55846,US
55846,FR
59968,US
39806,US
63943,GB
61791,US
49520,US
50014,IN
50014,AE
50014,US
62206,US
62206,DE
62206,CA
55779,US
60309,US
55465,US
111960,GB
46261,US
46261,AU
46261,MX
58151,GB
58151,US
44835,US
52015,US
48289,US
62835,FR
43942,US
37430,US
51588,US
48572,US
55720,US
70868,US
65055,US
39538,US
39538,AE
64639,US
60308,US
47760,US
24428,US
48231,CH
48231,GB
48231,DE
48231,CA
59440,US
10316,US
49021,AU
49021,US
37822,IN
58699,US
40807,US
74643,BE
74643,FR
42707,US
56401,US
39254,IN
39254,US
68817,US
60935,US
60935,CA
52451,US
52451,DE
52451,FR
52451,GB
49530,US
72113,ES
72113,FR
72113,DE
72113,PL
50839,US
72571,US
58233,GB
58233,HK
58233,CN
59965,US
53487,IT
53487,FR
53487,IE
53487,AT
63492,US
69668,CA
69668,US
45610,US
61891,GB
61891,DE
59108,US
88794,US
73499,US
17578,NZ
17578,US
44826,FR
44826,US
44826,GB
70578,US
37958,US
71880,US
62630,NL
62630,BE
60422,US
55292,CN
55292,HK
9364,GB
65057,US
60420,US
64328,US
50619,US
57212,US
23514,US
79120,GB
57431,US
64685,US
75622,US
65759,AU
56601,US
62046,DE
62046,US
70074,CH
70074,US
76163,US
43546,US
70160,US
49026,US
49040,US
58574,US
66150,GB
66150,US
101173,IT
101173,CS
101173,US
57157,US
62838,US
56292,CZ
56292,US
56292,AE
74465,US
65754,NO
65754,SE
65754,US
71469,US
71469,RU
55301,US
73873,GB
73873,IE
79777,US
76487,US
77866,US
77866,GB
77866,FR
62837,US
71688,FR
71688,GB
38541,CA
38541,DE
38541,US
52520,US
75174,CA
75174,US
49527,US
70435,IE
70435,US
50357,CA
50357,US
74998,US
72431,US
77338,FR
54054,US
80591,GB
58428,US
78698,GB
78698,US
57809,RU
48492,HK
48492,CN
76726,US
65086,CA
65086,SE
65086,GB
59961,US
80379,US
84200,US
72545,US
30596,CN
16564,NL
16564,BE
71676,AE
71676,US
72213,US
57214,US
73723,US
73937,US
75674,US
59962,US
49529,US
77949,GB
63493,US
63493,DE
64688,US
82532,US
81796,FR
81390,GB
81025,GB
57165,ES
57165,US
10679,FI
10679,DE
10679,AU
71552,US
94329,ID
94329,US
94329,FR
22970,US
91070,CA
91070,US
92182,FR
92182,US
76489,US
70436,HU
70436,RS
70436,ES
70436,US
62764,US
44833,US
74534,AE
74534,GB
74534,US
72207,US
67660,US
17347,NL
17347,LU
72387,US
57119,US
62213,AU
62213,US
76493,US
41154,US
58595,US
72197,GB
70981,GB
70981,US
92591,US
12645,US
50647,US
83666,US
50601,US
49014,CA
49014,FR
49014,IT
49014,PT
72358,US
84332,US
80321,US
84355,US
62177,US
86467,IT
86467,GB
76494,US
72331,US
44877,GB
96399,MX
80585,US
88005,US
72105,US
77930,US
83770,BR
83770,FR
83770,GB
83770,US
1930,US
57800,US
84175,US
98548,US
82525,US
80035,US
73567,US
64635,CA
64635,US
59296,US
37724,GB
37724,US
82696,US
77174,US
82650,US
79224,KR
109513,US
49526,US
82633,US
71668,US
89691,CA
89691,US
77883,US
77883,CA
48034,FR
79694,US
84174,US
83686,US
114150,US
77948,US
59967,CN
59967,US
87428,US
84329,US
71679,CA
71679,FR
71679,DE
71679,US
68722,US
49049,ZA
49049,GB
49049,US
49049,IN
60599,US
77016,US
84892,US
103663,DK
103663,SE
91911,US
88036,US
75638,ES
75638,US
82675,FR
88273,CZ
88273,DK
88273,DE
88273,SE
82505,US
126509,US
82096,US
101267,US
62214,US
82507,US
76492,US
68734,US
86838,GB
57089,US
117691,IN
82990,US
94348,US
83542,DE
83542,HK
83542,SG
83542,US
61012,FR
61012,CA
43937,US
64689,US
113947,US
82690,US
47878,US
82693,US
87827,US
87827,TW
87827,GB
97430,HK
97430,US
127493,US
56928,US
72976,IN
72976,US
50620,US
60747,US
81188,US
97614,FR
97614,US
102780,IE
102780,GB
102780,US
85446,US
76349,CN
76349,HK
49051,NZ
49051,US
84305,GB
84305,US
106135,US
97630,US
139567,US
82654,CA
82687,US
75780,US
68718,US
89492,US
80278,US
80278,ES
82695,GB
82695,US
128270,US
121826,GB
88042,US
133694,AE
133694,US
116613,GB
118628,IN
76617,US
82682,US
68812,US
139038,US
132232,ES
132232,CA
98357,US
87818,US
119283,US
60304,US
60304,DE
87499,GB
87499,US
89750,US
89750,CA
58244,CA
58244,FR
109421,US
109431,US
109491,US
47964,US
107811,US
112949,US
85545,FR
85545,DE
85545,PL
123678,DK
123678,NO
123678,GB
122857,US
68179,CA
68179,US
132344,GR
132344,US
134411,US
134411,AE
145135,US
81005,US
146203,US
86825,US
152259,US
68728,US
49519,US
139948,US
124459,US
122081,FR
122081,US
158011,US
117263,US
97367,US
72710,US
65650,US
144340,US
60579,IN
109428,US
68727,GB
68727,FR
93828,GB
93828,US
44895,US
75612,US
59963,ZA
59963,US
109410,US
126250,DK
126250,FR
126250,IT
126250,SE
126250,DE
127517,US
4258,US
134374,US
176124,US
44865,CN
44865,HK
109414,US
68721,CN
68721,US
101501,US
94901,US
64682,US
64682,AU
54138,US
116741,US
77987,FR
77987,DK
77987,SE
77987,TH
77987,US
109439,US
82992,US
116711,US
42151,GB
104755,CA
104755,US
104755,GB
119675,US
123103,CL
123103,US
82700,US
75656,US
75656,FR
77805,US
74513,FR
133463,AU
147773,US
49521,GB
49521,US
87567,US
158015,FR
158015,US
96936,US
62211,US
103620,FR
103620,US
68726,US
68726,CA
152742,IT
72190,US
72190,MT
68724,US
127373,US
93456,US
117251,US
107985,GB
136418,US
136418,GB
136795,US
57201,US
157386,US
206324,IN
49524,US
138843,US
77950,US
76170,GB
76170,US
136400,US
160588,US
109729,US
76285,US
77931,US
177699,GB
23535,US
76544,CN
76544,HK
76544,US
138832,US
109418,US
59859,US
59859,GB
87421,US
151960,US
59735,GB
59735,US
115348,FR
115348,US
149870,JP
115782,US
123553,US
132363,US
157360,GB
157360,US
122906,GB
205022,IN
199373,US
169209,US
29231,US
211954,MX
146227,BG
146227,US
49047,GB
49047,US
212716,CA
212716,IE
146233,US
164457,US
96721,DE
96721,GB
112205,FR
112205,US
129139,US
220714,IN
109417,US
129670,US
193613,US
165904,IN
146238,US
152584,FR
152584,BE
209262,US
109451,US
109424,US
106747,US
85889,GB
85889,US
85889,DE
85889,SE
85889,BE
175528,US
115210,IE
107846,US
133805,US
162903,BE
162903,US
109091,GB
109091,US
76203,US
76203,GB
152747,US
80274,US
208134,US
76338,US
152532,US
175574,US
137093,US
205220,GB
146304,US
101299,US
57158,NZ
57158,US
64686,US
146239,US
121642,IT
121642,ES
121642,HR
109445,US
106646,US
204082,US
192136,GB
192136,ZA
152737,US
180048,IN
158916,US
168672,US
116745,US
152601,CN
152601,US
193756,US
140823,AU
140823,GB
140823,US
87516,US
114903,MX
109443,US
110415,KR
110415,FR
110415,CZ
110415,US
142487,MX
82679,US
14499,SE
14499,RU
14499,NO
64807,US
17478,IN
227348,US
245775,FR
204810,IL
153158,AR
153158,ES
127560,AU
127560,GB
118289,SE
118289,GB
118289,FR
118289,BE
168530,US
137094,RU
137094,US
157350,US
79316,US
177047,US
217993,US
92834,TR
126319,BE
126319,FR
126319,LU
100241,US
100241,AU
157099,GB
157099,US
152760,DE
152760,US
137106,US
97020,CA
97020,US
144336,US
157834,GB
157834,FR
157834,US
157834,RO
226857,US
137321,US
222899,US
120467,GB
120467,US
120467,DE
225565,US
157336,CA
157336,US
157336,GB
225574,FR
225574,GB
225574,US
53182,US
82703,US
97370,GB
97370,CH
97370,US
136797,PH
136797,US
136797,GB
136797,FR
242042,US
177494,US
209403,US
235260,US
100402,US
86834,US
142159,US
155084,US
188207,US
145220,US
190955,FR
190955,US
193612,GB
193612,US
200505,US
180299,ID
102382,US
157547,US
249660,US
197796,FR
197796,DE
172385,US
157353,CN
157353,GB
157353,US
236751,US
193610,US
254473,CA
254473,FR
210479,GB
210479,US
76649,CA
76649,DE
76649,US
195589,US
49158,IT
49158,US
205601,GB
252680,US
240832,FR
240832,US
127585,GB
127585,US
124905,JP
124905,US
187596,US
59981,IN
59981,US
212778,US
210947,CA
232672,US
198277,US
102651,US
137113,AU
137113,US
177677,CN
177677,US
198185,US
222935,US
209185,CA
175541,US
227700,FR
227700,ES
227700,GB
227700,US
187017,US
156022,US
82702,US
194662,US
85350,US
91314,US
218836,US
226486,US
242224,CA
242224,AU
267999,HU
267999,SE
267999,DE
244786,US
210577,US
119450,US
123109,US
225886,US
238636,FR
238636,US
118340,GB
118340,US
242095,US
138103,FR
138103,US
184315,US
231576,US
238603,US
243683,US
244566,US
157845,AU
228194,IN
228194,US
228194,AE
76757,US
98566,US
227156,US
193893,US
211067,US
212769,KR
189,US
249164,US
221902,IT
221902,BE
221902,FR
282813,US
209189,US
256274,US
241848,US
204922,FR
204922,SE
204922,GB
199933,US
216282,US
192145,BE
192145,DE
192145,GB
192145,US
254191,US
198663,US
136835,US
244506,US
169917,US
282296,FR
282296,GB
282296,US
111479,US
254904,GB
254904,US
170687,US
149871,JP
239678,US
190859,US
246403,US
250546,US
49017,US
241254,US
227707,BE
227707,GB
227707,ES
206487,AU
239571,US
245891,CA
245891,CN
245891,US
205587,US
228150,GB
228150,US
228150,CN
266285,DK
266285,GB
266285,ZA
266285,SE
266285,BE
239563,US
218778,US
218043,US
242512,JP
242512,US
242582,US
36523,DE
36523,HU
36523,US
177572,US
264660,GB
87492,US
199534,AU
77951,AU
77951,IN
77951,GB
77951,US
203793,RU
205596,GB
171274,US
131631,US
147441,ES
147441,GB
147441,US
100042,US
80920,US
266856,GB
227735,US
232679,US
192558,IN
140818,NO
241771,US
205775,US
135397,US
227159,US
270946,US
253331,US
256917,AU
256917,US
116149,GB
294254,US
245916,US
214086,US
122917,NZ
122917,US
273895,GB
273895,US
227306,US
172391,ZA
265177,CA
241239,AE
241239,US
87093,CA
87093,US
224141,US
228967,US
207703,GB
207703,US
181533,GB
181533,US
68737,CN
68737,CA
68737,US
68737,GB
15888,GR
15888,GB
196867,US
297222,IN
116977,US
244049,IN
198184,MX
198184,ZA
198184,US
232175,US
260346,FR
260346,US
201088,US
87101,US
288158,GB
288158,US
288158,CA
208763,CZ
208763,RU
208763,UA
54518,US
78383,US
121734,ES
209901,US
270303,US
16191,US
31179,AU
29996,US
76341,AU
76341,US
280092,CA
280092,US
140607,US
271969,US
68735,CA
68735,CN
68735,JP
68735,US
99861,US
102899,US
166424,US
293660,US
283995,US
271110,US
284052,US
246655,US
284276,US
164372,RU
284536,US
28284,US
210860,US
216015,US
272693,US
227719,US
167073,CA
167073,IE
232572,US
283235,US
308453,US
308638,GB
308638,US
250124,US
308639,US
230266,GB
230266,NO
72784,US
167810,US
27873,NZ
273248,US
286565,US
252838,US
241251,US
201085,CA
201085,US
243938,US
256591,US
228165,US
234212,GB
234212,US
290764,US
243940,US
239573,US
132759,RU
241554,US
265712,JP
150689,GB
150689,US
243688,US
266647,US
252512,US
262500,US
39385,FR
228161,US
245703,US
266396,FR
266396,ES
266396,GB
266396,US
255343,BE
255343,FR
255343,ES
168259,JP
168259,US
277685,US
5896,US
181283,GB
181283,US
181283,CZ
181283,RO
257091,US
290864,HK
290864,CN
244539,US
304357,GB
304357,US
269148,FR
158852,US
256961,US
270654,US
282631,KR
228205,US
293863,US
256924,US
254128,CA
254128,US
254128,AU
134126,KR
249070,ID
249070,DE
249070,US
275601,US
332835,IN
254470,US
258480,GB
258480,US
245846,AU
254320,FR
254320,GR
254320,IE
254320,NL
254320,GB
287424,CH
287424,US
268920,US
171424,CA
171424,CL
171424,US
286217,US
323517,IN
238713,US
271718,US
39895,US
222936,US
244783,US
300168,HK
300168,CN
188222,US
286521,US
150540,US
58333,IN
131634,DE
131634,US
272878,US
257344,US
262504,US
259316,GB
259316,US
215776,IN
328111,US
256962,MX
256962,US
238615,US
274854,US
287903,US
297761,US
47933,US
21950,US
20688,IN
14194,IN
214756,US
211672,US
49375,US
105864,US
261023,GB
261023,US
206647,GB
206647,US
14813,US
87533,US
321697,US
225728,FR
225728,GB
225728,US
296099,US
254905,US
209112,US
264999,US
203801,US
286372,GB
286372,US
285783,US
300671,MT
300671,MA
300671,US
273169,FR
301748,US
299245,US
182560,FR
182560,GB
182560,US
336804,QA
336804,FR
336804,DE
336804,TR
189227,IN
281957,CA
281957,HK
281957,TW
281957,US
307081,US
273481,US
318781,GB
318781,FR
318781,DE
318781,LU
157544,US
257211,US
264644,CA
264644,IE
328425,US
310131,CA
310131,US
300667,US
298312,US
290751,ES
290751,GB
290751,US
283445,US
261392,CH
261392,US
192141,US
277216,US
228066,GB
228066,US
98203,PH
301875,US
273477,US
245168,GB
301351,GB
301351,US
301351,FR
323272,US
276907,GB
276907,US
276907,FR
306819,DE
306819,GB
306819,US
306819,BE
306819,DK
313922,US
283587,US
328589,GB
310123,IN
287948,BE
287948,CN
287948,FR
86868,FR
263472,CL
263472,US
81481,KR
303991,US
10317,US
118051,IN
118051,GB
296100,US
253412,IS
253412,US
253412,GB
314365,CA
314365,US
245698,US
325348,RU
325348,US
295964,US
268660,IN
159824,US
306745,US
309809,FR
297762,US
339988,US
68730,MX
68730,TW
68730,US
296098,IN
296098,US
296098,DE
44250,US
270487,US
257445,AU
257445,US
304372,US
253414,US
146301,US
266639,US
293646,US
293646,CL
298382,AU
294016,US
321741,AU
321741,US
321741,GB
227973,US
56666,IN
312221,US
360203,US
336004,US
333348,US
257088,DE
257088,US
257088,CN
368330,IN
341895,IN
299687,US
336882,NO
351694,CN
285959,US
318846,US
338930,IN
329833,US
259694,US
34421,US
351819,US
340666,US
274167,US
266294,US
140300,CN
140300,US
58431,US
333596,US
331190,US
329440,US
37460,IN
275269,IN
276905,US
276905,IN
323675,US
319888,DE
319888,GB
319888,US
375290,IN
273899,US
321258,US
321258,CN
321258,CA
343795,US
335778,US
291870,US
300673,US
339408,US
44566,IN
296096,US
146198,US
205584,AU
205584,US
376869,IN
323677,CA
323677,DE
333371,US
267860,BG
267860,US
267860,GB
269149,US
279641,US
318850,US
267193,AU
267193,GB
267193,US
83902,IN
105254,SE
105254,US
14467,IN
14071,IN
111836,IN
61400,IN
381890,CN
301365,DK
301365,FR
301365,US
333352,GB
320588,US
2989,US
333385,US
339984,US
315664,GB
315664,US
302688,CA
302688,US
297806,US
342521,US
296360,GB
296360,US
296360,IE
296360,NL
296360,FR
295699,US
369557,IE
369557,GB
369557,US
370755,FR
370755,DE
370755,US
290595,US
325133,US
377985,IN
303858,US
322240,CN
322240,FR
326423,US
330483,US
127380,US
323676,US
333669,LU
333669,FR
333669,GB
333669,US
316152,US
153518,FI
153518,US
384737,CA
300983,IN
76788,IN
353069,US
302401,DE
302401,US
234004,CA
234004,HK
234004,US
257440,US
290250,GB
290250,US
270010,MX
270010,FR
270010,DE
270010,GB
270010,US
332567,US
70527,RS
57186,RS
89868,AU
89868,GB
290098,KR
241259,GB
241259,US
267935,IN
267935,US
223702,CA
223702,US
334533,US
291805,CA
291805,CN
291805,GB
291805,US
339397,US
347031,US
374458,RO
374458,FR
374458,BE
308531,CN
308531,US
308531,HK
257345,US
58522,IT
259693,CA
259693,US
43074,US
302699,US
324668,GB
324668,US
324668,CN
258489,CA
258489,GB
258489,US
316727,FR
316727,US
316023,US
278154,US
294272,US
333386,US
328387,US
363676,US
376812,IN
325789,GB
308266,KH
308266,US
351809,AR
351809,FR
351809,ES
382322,US
173689,US
376659,US
338766,US
300669,US
403119,GB
368940,BE
368940,FR
376660,US
351339,CZ
351339,FR
351339,GB
337674,BE
337674,FR
337674,DE
105506,IN
396535,KR
368031,DE
368031,ZA
278924,TH
278924,FR
278924,US
333484,US
32147,KR
32147,US
270774,CN
270774,HK
270774,US
376867,US
213681,US
213681,PR
313297,US
95610,FR
95610,IE
95610,GB
95610,US
283552,NZ
377264,US
296524,HK
296524,US
283366,BE
283366,GB
283366,US
346685,US
369883,US
302946,US
315011,JP
324786,AU
324786,US
351211,CA
351211,US
339419,GB
339419,US
284564,GB
284564,US
258230,ES
258230,US
329865,US
377447,CN
393559,CH
393559,FR
376565,RU
313369,US
369885,GB
369885,US
207932,HU
207932,US
331313,US
335796,US
402298,GB
402298,US
343611,CN
343611,US
334543,AU
334543,GB
334543,US
338964,US
340402,US
361777,ES
345920,US
347026,GB
329981,CA
329981,FR
299641,US
277834,US
376866,CL
376866,FR
376866,US
384682,US
44010,US
365942,US
330459,US
259695,US
381288,US
346672,US
376290,FR
376290,US
121173,PH
381374,IN
274870,US
381284,US
332979,US
311324,AU
311324,CA
311324,CN
311324,HK
311324,US
310307,US
356305,US
335797,US
121856,FR
121856,HK
121856,MT
121856,TW
121856,GB
121856,US
381289,US
388399,HK
388399,US
334524,US
342473,CA
342473,FR
262841,US
324542,US
340837,DE
340837,US
404378,GB
47971,US
292280,US
324849,DK
324849,US
335791,US
409502,US
396616,NO
14564,US
393519,BE
393519,FR
324552,US
419430,US
263115,US
293167,US
180863,GB
397837,US
274857,US
241258,US
321612,GB
321612,US
295693,US
173897,FR
173897,AU
173897,CA
173897,DE
428449,US
315837,AU
315837,NZ
315837,US
315837,GB
315837,IN
315837,CN
315837,CA
315837,JP
315837,HK
341174,US
425942,ES
425942,AR
330947,US
358962,RU
340101,GB
433356,TR
433356,US
345938,US
395992,US
314095,GB
314095,US
305470,US
305470,CA
126889,AU
126889,CA
126889,NZ
126889,GB
126889,US
334521,FR
334521,GB
417644,US
353569,US
353569,FI
289222,CZ
289222,GB
289222,US
368006,IN
390051,US
440642,RU
339846,US
373569,US
282035,US
337339,US
260514,US
382614,US
443319,US
30593,US
220002,TR
38794,TR
14395,IN
399019,US
339403,GB
339403,US
397422,US
324852,US
333667,CN
333667,US
43228,US
281338,CA
281338,US
293768,GB
293768,US
326011,RU
8453,IN
374720,NL
374720,FR
374720,GB
374720,US
14570,US
14570,JP
335988,US
353491,ZA
353491,US
378236,US
395834,GB
395834,US
395834,CA
